x-axis,1,2
second,Volt,Volt
+1.2200E+00,+3.1853E+00,+111.2E-03
+1.2300E+00,+3.1853E+00,+115.1E-03
+1.2400E+00,+3.1853E+00,+115.9E-03
+1.2500E+00,+3.1853E+00,+115.3E-03
+1.2600E+00,+3.2657E+00,+110.1E-03
+1.2700E+00,+3.1853E+00,+111.3E-03
+1.2800E+00,+3.1853E+00,+112.4E-03
+1.2900E+00,+3.2657E+00,+111.1E-03
+1.3000E+00,+3.1853E+00,+114.4E-03
+1.3100E+00,-43.3E-03,+58.5E-03
+1.3200E+00,-78.5E-03,+58.7E-03
+1.3300E+00,-111.2E-03,+60.7E-03
+1.3400E+00,-103.6E-03,+62.7E-03
+1.3500E+00,-30.8E-03,+61.0E-03
+1.3600E+00,-63.4E-03,+57.4E-03
+1.3700E+00,-30.8E-03,+59.1E-03
+1.3800E+00,-30.8E-03,+62.4E-03
+1.3900E+00,-30.8E-03,+56.9E-03
+1.4000E+00,-78.5E-03,+57.7E-03
+1.4100E+00,-83.5E-03,+58.6E-03
+1.4200E+00,-111.2E-03,+59.6E-03
+1.4300E+00,-30.8E-03,+56.4E-03
+1.4400E+00,-30.8E-03,+58.3E-03
+1.4500E+00,-111.2E-03,+60.2E-03
+1.4600E+00,-38.3E-03,+59.0E-03
+1.4700E+00,-30.8E-03,+61.6E-03
+1.4800E+00,-30.8E-03,+59.3E-03
+1.4900E+00,-58.4E-03,+60.1E-03
+1.5000E+00,-38.3E-03,+58.5E-03
+1.5100E+00,-30.8E-03,+62.8E-03
+1.5200E+00,-63.4E-03,+58.7E-03
+1.5300E+00,-83.5E-03,+61.8E-03
+1.5400E+00,-103.6E-03,+62.2E-03
+1.5500E+00,-98.6E-03,+58.5E-03
+1.5600E+00,-30.8E-03,+58.6E-03
+1.5700E+00,-30.8E-03,+60.7E-03
+1.5800E+00,-38.3E-03,+60.8E-03
+1.5900E+00,-98.6E-03,+57.1E-03
+1.6000E+00,-78.5E-03,+60.9E-03
+1.6100E+00,-5.7E-03,+57.5E-03
+1.6200E+00,-38.3E-03,+56.8E-03
+1.6300E+00,-30.8E-03,+62.6E-03
+1.6400E+00,-30.8E-03,+58.6E-03
+1.6500E+00,-58.4E-03,+60.1E-03
+1.6600E+00,-30.8E-03,+62.8E-03
+1.6700E+00,-98.6E-03,+56.6E-03
+1.6800E+00,-111.2E-03,+57.3E-03
+1.6900E+00,-30.8E-03,+57.4E-03
+1.7000E+00,-30.8E-03,+61.1E-03
+1.7100E+00,-43.3E-03,+59.9E-03
+1.7200E+00,-78.5E-03,+57.7E-03
+1.7300E+00,-58.4E-03,+60.7E-03
+1.7400E+00,-103.6E-03,+62.5E-03
+1.7500E+00,-98.6E-03,+61.8E-03
+1.7600E+00,-30.8E-03,+60.0E-03
+1.7700E+00,-58.4E-03,+59.1E-03
+1.7800E+00,-38.3E-03,+61.2E-03
+1.7900E+00,-43.3E-03,+60.7E-03
+1.8000E+00,-63.4E-03,+60.0E-03
+1.8100E+00,+2.0798E+00,+64.4E-03
+1.8200E+00,+3.2582E+00,+117.8E-03
+1.8300E+00,+3.1853E+00,+118.9E-03
+1.8400E+00,+3.2180E+00,+120.4E-03
+1.8500E+00,+3.2381E+00,+121.7E-03
+1.8600E+00,+3.1853E+00,+117.3E-03
+1.8700E+00,+3.1979E+00,+117.0E-03
+1.8800E+00,+3.2180E+00,+117.5E-03
+1.8900E+00,+3.1853E+00,+117.4E-03
+1.9000E+00,+3.1853E+00,+116.0E-03
+1.9100E+00,-111.2E-03,+60.5E-03
+1.9200E+00,-30.8E-03,+57.0E-03
+1.9300E+00,-30.8E-03,+59.6E-03
+1.9400E+00,-103.6E-03,+59.6E-03
+1.9500E+00,-98.6E-03,+60.7E-03
+1.9600E+00,-30.8E-03,+55.4E-03
+1.9700E+00,-30.8E-03,+58.5E-03
+1.9800E+00,-30.8E-03,+61.2E-03
+1.9900E+00,-30.8E-03,+59.4E-03
+2.0000E+00,-78.5E-03,+60.3E-03
+2.0100E+00,-83.5E-03,+59.7E-03
+2.0200E+00,-111.2E-03,+57.9E-03
+2.0300E+00,-43.3E-03,+58.3E-03
+2.0400E+00,-30.8E-03,+59.3E-03
+2.0500E+00,-30.8E-03,+57.4E-03
+2.0600E+00,-30.8E-03,+59.6E-03
+2.0700E+00,-43.3E-03,+57.8E-03
+2.0800E+00,-111.2E-03,+57.3E-03
+2.0900E+00,-30.8E-03,+59.1E-03
+2.1000E+00,-111.2E-03,+63.5E-03
+2.1100E+00,-30.8E-03,+60.1E-03
+2.1200E+00,-63.4E-03,+57.7E-03
+2.1300E+00,-83.5E-03,+60.1E-03
+2.1400E+00,-38.3E-03,+61.2E-03
+2.1500E+00,-30.8E-03,+58.3E-03
+2.1600E+00,-30.8E-03,+60.6E-03
+2.1700E+00,-30.8E-03,+55.3E-03
+2.1800E+00,-38.3E-03,+62.4E-03
+2.1900E+00,-111.2E-03,+56.9E-03
+2.2000E+00,-30.8E-03,+58.0E-03
+2.2100E+00,-58.4E-03,+58.5E-03
+2.2200E+00,-38.3E-03,+64.0E-03
+2.2300E+00,-43.3E-03,+65.3E-03
+2.2400E+00,-78.5E-03,+59.3E-03
+2.2500E+00,-30.8E-03,+60.7E-03
+2.2600E+00,-111.2E-03,+58.0E-03
+2.2700E+00,-30.8E-03,+58.3E-03
+2.2800E+00,-63.4E-03,+59.3E-03
+2.2900E+00,-30.8E-03,+59.1E-03
+2.3000E+00,-103.6E-03,+53.8E-03
+2.3100E+00,-43.3E-03,+56.1E-03
+2.3200E+00,-30.8E-03,+58.6E-03
+2.3300E+00,-83.5E-03,+60.7E-03
+2.3400E+00,-30.8E-03,+62.5E-03
+2.3500E+00,-43.3E-03,+57.8E-03
+2.3600E+00,-111.2E-03,+57.3E-03
+2.3700E+00,-30.8E-03,+59.6E-03
+2.3800E+00,-30.8E-03,+59.5E-03
+2.3900E+00,-43.3E-03,+58.9E-03
+2.4000E+00,-78.5E-03,+60.3E-03
+2.4100E+00,-30.8E-03,+56.4E-03
+2.4200E+00,+3.1853E+00,+120.0E-03
+2.4300E+00,+3.2657E+00,+122.0E-03
+2.4400E+00,+3.2657E+00,+122.6E-03
+2.4500E+00,+3.2129E+00,+122.9E-03
+2.4600E+00,+3.1928E+00,+128.2E-03
+2.4700E+00,+3.2531E+00,+124.2E-03
+2.4800E+00,+3.2657E+00,+126.1E-03
+2.4900E+00,+3.2129E+00,+127.1E-03
+2.5000E+00,+3.2582E+00,+126.8E-03
+2.5100E+00,+3.1853E+00,+126.4E-03
+2.5200E+00,-78.5E-03,+61.9E-03
+2.5300E+00,-30.8E-03,+57.5E-03
+2.5400E+00,-30.8E-03,+59.9E-03
+2.5500E+00,-98.6E-03,+61.2E-03
+2.5600E+00,-63.4E-03,+59.3E-03
+2.5700E+00,-30.8E-03,+59.1E-03
+2.5800E+00,-38.3E-03,+59.3E-03
+2.5900E+00,-43.3E-03,+56.6E-03
+2.6000E+00,-78.5E-03,+58.7E-03
+2.6100E+00,-30.8E-03,+61.2E-03
+2.6200E+00,-111.2E-03,+59.6E-03
+2.6300E+00,-43.3E-03,+62.3E-03
+2.6400E+00,-30.8E-03,+55.7E-03
+2.6500E+00,-111.2E-03,+61.2E-03
+2.6600E+00,-30.8E-03,+59.3E-03
+2.6700E+00,-18.2E-03,+56.6E-03
+2.6800E+00,-30.8E-03,+56.7E-03
+2.6900E+00,-111.2E-03,+58.6E-03
+2.7000E+00,-38.3E-03,+58.0E-03
+2.7100E+00,-98.6E-03,+59.6E-03
+2.7200E+00,-63.4E-03,+57.7E-03
+2.7300E+00,-30.8E-03,+60.2E-03
+2.7400E+00,-103.6E-03,+58.6E-03
+2.7500E+00,-30.8E-03,+59.9E-03
+2.7600E+00,-111.2E-03,+58.4E-03
+2.7700E+00,-83.5E-03,+57.0E-03
+2.7800E+00,-103.6E-03,+61.1E-03
+2.7900E+00,-98.6E-03,+59.9E-03
+2.8000E+00,-78.5E-03,+61.2E-03
+2.8100E+00,-83.5E-03,+63.3E-03
+2.8200E+00,-103.6E-03,+61.2E-03
+2.8300E+00,-98.6E-03,+57.1E-03
+2.8400E+00,-78.5E-03,+59.6E-03
+2.8500E+00,-83.5E-03,+58.1E-03
+2.8600E+00,-38.3E-03,+56.5E-03
+2.8700E+00,-43.3E-03,+56.9E-03
+2.8800E+00,-111.2E-03,+57.7E-03
+2.8900E+00,-58.4E-03,+60.2E-03
+2.9000E+00,-30.8E-03,+58.3E-03
+2.9100E+00,-111.2E-03,+62.6E-03
+2.9200E+00,-63.4E-03,+59.9E-03
+2.9300E+00,-58.4E-03,+60.1E-03
+2.9400E+00,-111.2E-03,+63.7E-03
+2.9500E+00,-30.8E-03,+59.1E-03
+2.9600E+00,-30.8E-03,+59.3E-03
+2.9700E+00,-111.2E-03,+62.8E-03
+2.9800E+00,-30.8E-03,+59.6E-03
+2.9900E+00,-111.2E-03,+59.9E-03
+3.0000E+00,-78.5E-03,+57.0E-03
+3.0100E+00,-83.5E-03,+59.6E-03
+3.0200E+00,+3.1928E+00,+133.3E-03
+3.0300E+00,+3.1853E+00,+126.0E-03
+3.0400E+00,+3.2180E+00,+132.9E-03
+3.0500E+00,+3.1853E+00,+130.9E-03
+3.0600E+00,+3.2657E+00,+130.7E-03
+3.0700E+00,+3.1853E+00,+133.8E-03
+3.0800E+00,+3.1853E+00,+128.8E-03
+3.0900E+00,+3.1853E+00,+128.3E-03
+3.1000E+00,+3.1853E+00,+133.4E-03
+3.1100E+00,+3.1853E+00,+132.0E-03
+3.1200E+00,-30.8E-03,+60.3E-03
+3.1300E+00,-83.5E-03,+56.9E-03
+3.1400E+00,-103.6E-03,+54.9E-03
+3.1500E+00,-111.2E-03,+53.9E-03
+3.1600E+00,-30.8E-03,+60.3E-03
+3.1700E+00,-58.4E-03,+59.7E-03
+3.1800E+00,-30.8E-03,+61.1E-03
+3.1900E+00,-18.2E-03,+63.1E-03
+3.2000E+00,-111.2E-03,+60.3E-03
+3.2100E+00,-111.2E-03,+57.0E-03
+3.2200E+00,-30.8E-03,+59.8E-03
+3.2300E+00,-30.8E-03,+59.4E-03
+3.2400E+00,-78.5E-03,+59.3E-03
+3.2500E+00,-111.2E-03,+56.4E-03
+3.2600E+00,-38.3E-03,+59.6E-03
+3.2700E+00,-43.3E-03,+59.6E-03
+3.2800E+00,-30.8E-03,+57.7E-03
+3.2900E+00,-30.8E-03,+56.4E-03
+3.3000E+00,-30.8E-03,+60.9E-03
+3.3100E+00,-30.8E-03,+59.1E-03
+3.3200E+00,-78.5E-03,+59.6E-03
+3.3300E+00,-83.5E-03,+56.4E-03
+3.3400E+00,-38.3E-03,+56.2E-03
+3.3500E+00,-30.8E-03,+60.2E-03
+3.3600E+00,-78.5E-03,+59.0E-03
+3.3700E+00,-83.5E-03,+61.2E-03
+3.3800E+00,-30.8E-03,+60.1E-03
+3.3900E+00,-30.8E-03,+60.5E-03
+3.4000E+00,-30.8E-03,+59.6E-03
+3.4100E+00,-83.5E-03,+60.1E-03
+3.4200E+00,-30.8E-03,+62.5E-03
+3.4300E+00,-98.6E-03,+57.1E-03
+3.4400E+00,-78.5E-03,+59.9E-03
+3.4500E+00,-83.5E-03,+61.7E-03
+3.4600E+00,-103.6E-03,+61.2E-03
+3.4700E+00,-111.2E-03,+60.5E-03
+3.4800E+00,-30.8E-03,+60.3E-03
+3.4900E+00,-30.8E-03,+57.5E-03
+3.5000E+00,-111.2E-03,+60.8E-03
+3.5100E+00,-43.3E-03,+55.8E-03
+3.5200E+00,-30.8E-03,+57.4E-03
+3.5300E+00,-30.8E-03,+59.1E-03
+3.5400E+00,-103.6E-03,+53.9E-03
+3.5500E+00,-30.8E-03,+58.5E-03
+3.5600E+00,-78.5E-03,+61.2E-03
+3.5700E+00,-30.8E-03,+60.1E-03
+3.5800E+00,-30.8E-03,+61.1E-03
+3.5900E+00,-43.3E-03,+59.9E-03
+3.6000E+00,-78.5E-03,+58.7E-03
+3.6100E+00,-30.8E-03,+59.1E-03
+3.6200E+00,-103.6E-03,+59.5E-03
+3.6300E+00,+3.1979E+00,+144.2E-03
+3.6400E+00,+3.2330E+00,+146.1E-03
+3.6500E+00,+3.1853E+00,+144.9E-03
+3.6600E+00,+3.1928E+00,+141.9E-03
+3.6700E+00,+3.2531E+00,+145.0E-03
+3.6800E+00,+3.2330E+00,+142.3E-03
+3.6900E+00,+3.2129E+00,+145.4E-03
+3.7000E+00,+3.1853E+00,+144.8E-03
+3.7100E+00,+3.1853E+00,+141.9E-03
+3.7200E+00,-63.4E-03,+61.2E-03
+3.7300E+00,-111.2E-03,+56.4E-03
+3.7400E+00,-30.8E-03,+59.5E-03
+3.7500E+00,-43.3E-03,+58.8E-03
+3.7600E+00,-78.5E-03,+59.0E-03
+3.7700E+00,-83.5E-03,+54.3E-03
+3.7800E+00,-30.8E-03,+59.5E-03
+3.7900E+00,-30.8E-03,+54.2E-03
+3.8000E+00,-30.8E-03,+63.5E-03
+3.8100E+00,-30.8E-03,+61.2E-03
+3.8200E+00,-30.8E-03,+59.9E-03
+3.8300E+00,-98.6E-03,+58.5E-03
+3.8400E+00,-78.5E-03,+59.0E-03
+3.8500E+00,-58.4E-03,+56.4E-03
+3.8600E+00,-38.3E-03,+59.8E-03
+3.8700E+00,-111.2E-03,+60.7E-03
+3.8800E+00,-30.8E-03,+59.9E-03
+3.8900E+00,-58.4E-03,+61.8E-03
+3.9000E+00,-103.6E-03,+60.8E-03
+3.9100E+00,-30.8E-03,+59.6E-03
+3.9200E+00,-78.5E-03,+58.4E-03
+3.9300E+00,-83.5E-03,+62.3E-03
+3.9400E+00,-103.6E-03,+59.6E-03
+3.9500E+00,-30.8E-03,+59.0E-03
+3.9600E+00,-30.8E-03,+58.3E-03
+3.9700E+00,-58.4E-03,+59.6E-03
+3.9800E+00,-103.6E-03,+56.5E-03
+3.9900E+00,-30.8E-03,+57.8E-03
+4.0000E+00,-30.8E-03,+58.0E-03
+4.0100E+00,-83.5E-03,+56.9E-03
+4.0200E+00,-111.2E-03,+58.5E-03
+4.0300E+00,-30.8E-03,+60.0E-03
+4.0400E+00,-78.5E-03,+57.0E-03
+4.0500E+00,-111.2E-03,+57.0E-03
+4.0600E+00,-30.8E-03,+62.4E-03
+4.0700E+00,-30.8E-03,+59.6E-03
+4.0800E+00,-63.4E-03,+60.9E-03
+4.0900E+00,-58.4E-03,+58.6E-03
+4.1000E+00,-38.3E-03,+58.2E-03
+4.1100E+00,-30.8E-03,+58.0E-03
+4.1200E+00,-63.4E-03,+58.3E-03
+4.1300E+00,-111.2E-03,+59.6E-03
+4.1400E+00,-38.3E-03,+58.3E-03
+4.1500E+00,-43.3E-03,+59.4E-03
+4.1600E+00,-63.4E-03,+56.7E-03
+4.1700E+00,-30.8E-03,+59.1E-03
+4.1800E+00,-30.8E-03,+62.7E-03
+4.1900E+00,-111.2E-03,+62.3E-03
+4.2000E+00,-30.8E-03,+56.4E-03
+4.2100E+00,-58.4E-03,+60.2E-03
+4.2200E+00,-38.3E-03,+56.7E-03
+4.2300E+00,-98.6E-03,+56.1E-03
+4.2400E+00,-30.8E-03,+59.3E-03
+4.2500E+00,-83.5E-03,+58.1E-03
+4.2600E+00,-103.6E-03,+62.5E-03
+4.2700E+00,-30.8E-03,+56.6E-03
+4.2800E+00,-78.5E-03,+56.1E-03
+4.2900E+00,-30.8E-03,+56.9E-03
+4.3000E+00,-30.8E-03,+56.5E-03
+4.3100E+00,-43.3E-03,+57.8E-03
+4.3200E+00,-78.5E-03,+55.4E-03
+4.3300E+00,-58.4E-03,+56.9E-03
+4.3400E+00,-103.6E-03,+55.2E-03
+4.3500E+00,-30.8E-03,+57.1E-03
+4.3600E+00,-30.8E-03,+55.8E-03
+4.3700E+00,-58.4E-03,+57.4E-03
+4.3800E+00,-30.8E-03,+59.6E-03
+4.3900E+00,-43.3E-03,+56.9E-03
+4.4000E+00,-111.2E-03,+55.7E-03
+4.4100E+00,-111.2E-03,+57.5E-03
+4.4200E+00,-30.8E-03,+61.1E-03
+4.4300E+00,-30.8E-03,+58.3E-03
+4.4400E+00,-78.5E-03,+56.7E-03
+4.4500E+00,-58.4E-03,+57.4E-03
+4.4600E+00,-30.8E-03,+55.2E-03
+4.4700E+00,-30.8E-03,+56.9E-03
+4.4800E+00,-78.5E-03,+59.6E-03
+4.4900E+00,-30.8E-03,+58.5E-03
+4.5000E+00,-30.8E-03,+59.5E-03
+4.5100E+00,-30.8E-03,+56.6E-03
+4.5200E+00,-30.8E-03,+59.6E-03
+4.5300E+00,-58.4E-03,+57.5E-03
+4.5400E+00,-38.3E-03,+59.9E-03
+4.5500E+00,-98.6E-03,+56.4E-03
+4.5600E+00,-30.8E-03,+56.7E-03
+4.5700E+00,-30.8E-03,+57.4E-03
+4.5800E+00,-103.6E-03,+59.8E-03
+4.5900E+00,-98.6E-03,+58.0E-03
+4.6000E+00,-30.8E-03,+58.7E-03
+4.6100E+00,-30.8E-03,+56.9E-03
+4.6200E+00,-30.8E-03,+55.4E-03
+4.6300E+00,-43.3E-03,+54.8E-03
+4.6400E+00,-78.5E-03,+58.3E-03
+4.6500E+00,-30.8E-03,+56.9E-03
+4.6600E+00,-103.6E-03,+60.9E-03
+4.6700E+00,-30.8E-03,+61.6E-03
+4.6800E+00,-30.8E-03,+60.6E-03
+4.6900E+00,-83.5E-03,+56.8E-03
+4.7000E+00,-30.8E-03,+56.5E-03
+4.7100E+00,-98.6E-03,+59.4E-03
+4.7200E+00,-30.8E-03,+60.9E-03
+4.7300E+00,-83.5E-03,+53.8E-03
+4.7400E+00,-30.8E-03,+54.8E-03
+4.7500E+00,-98.6E-03,+55.9E-03
+4.7600E+00,-30.8E-03,+53.2E-03
+4.7700E+00,-83.5E-03,+57.4E-03
+4.7800E+00,-30.8E-03,+52.4E-03
+4.7900E+00,-111.2E-03,+50.8E-03
+4.8000E+00,-111.2E-03,+48.1E-03
+4.8100E+00,-58.4E-03,+51.0E-03
+4.8200E+00,-103.6E-03,+52.4E-03
+4.8300E+00,-98.6E-03,+48.4E-03
+4.8400E+00,-30.8E-03,+49.7E-03
+4.8500E+00,-83.5E-03,+52.0E-03
+4.8600E+00,-30.8E-03,+46.6E-03
+4.8700E+00,-30.8E-03,+50.6E-03
+4.8800E+00,-30.8E-03,+48.1E-03
+4.8900E+00,-30.8E-03,+48.4E-03
+4.9000E+00,-111.2E-03,+50.3E-03
+4.9100E+00,-30.8E-03,+46.5E-03
+4.9200E+00,-78.5E-03,+46.7E-03
+4.9300E+00,-30.8E-03,+51.1E-03
+4.9400E+00,-103.6E-03,+50.3E-03
+4.9500E+00,-30.8E-03,+48.4E-03
+4.9600E+00,-30.8E-03,+49.6E-03
+4.9700E+00,+3.2381E+00,+83.2E-03
+4.9800E+00,+3.1853E+00,+82.1E-03
+4.9900E+00,+3.1853E+00,+82.4E-03
+5.0000E+00,+3.2330E+00,+80.5E-03
+5.0100E+00,+3.1853E+00,+81.1E-03
+5.0200E+00,+3.2657E+00,+83.7E-03
+5.0300E+00,+3.1853E+00,+83.2E-03
+5.0400E+00,+3.2657E+00,+83.1E-03
+5.0500E+00,+3.2129E+00,+81.1E-03
+5.0600E+00,+3.1853E+00,+81.0E-03
+5.0700E+00,-30.8E-03,+57.1E-03
+5.0800E+00,-30.8E-03,+61.5E-03
+5.0900E+00,-83.5E-03,+56.4E-03
+5.1000E+00,-103.6E-03,+56.8E-03
+5.1100E+00,-43.3E-03,+57.8E-03
+5.1200E+00,-111.2E-03,+60.2E-03
+5.1300E+00,-83.5E-03,+59.6E-03
+5.1400E+00,-38.3E-03,+62.1E-03
+5.1500E+00,-98.6E-03,+62.3E-03
+5.1600E+00,-78.5E-03,+60.3E-03
+5.1700E+00,-30.8E-03,+62.3E-03
+5.1800E+00,-38.3E-03,+59.6E-03
+5.1900E+00,-98.6E-03,+60.7E-03
+5.2000E+00,-63.4E-03,+56.1E-03
+5.2100E+00,-83.5E-03,+61.2E-03
+5.2200E+00,-111.2E-03,+55.4E-03
+5.2300E+00,-30.8E-03,+58.0E-03
+5.2400E+00,-63.4E-03,+59.0E-03
+5.2500E+00,-111.2E-03,+60.7E-03
+5.2600E+00,-38.3E-03,+59.3E-03
+5.2700E+00,-43.3E-03,+58.8E-03
+5.2800E+00,-111.2E-03,+60.9E-03
+5.2900E+00,-58.4E-03,+57.4E-03
+5.3000E+00,-30.8E-03,+59.6E-03
+5.3100E+00,-43.3E-03,+62.3E-03
+5.3200E+00,-78.5E-03,+57.0E-03
+5.3300E+00,-83.5E-03,+58.6E-03
+5.3400E+00,-111.2E-03,+58.2E-03
+5.3500E+00,-98.6E-03,+55.0E-03
+5.3600E+00,-78.5E-03,+58.0E-03
+5.3700E+00,-30.8E-03,+59.1E-03
+5.3800E+00,-30.8E-03,+61.2E-03
+5.3900E+00,-98.6E-03,+58.0E-03
+5.4000E+00,-30.8E-03,+59.0E-03
+5.4100E+00,-30.8E-03,+59.6E-03
+5.4200E+00,-30.8E-03,+60.9E-03
+5.4300E+00,-43.3E-03,+59.4E-03
+5.4400E+00,-30.8E-03,+60.9E-03
+5.4500E+00,-83.5E-03,+62.8E-03
+5.4600E+00,-30.8E-03,+57.7E-03
+5.4700E+00,-30.8E-03,+60.5E-03
+5.4800E+00,-78.5E-03,+59.6E-03
+5.4900E+00,-111.2E-03,+61.8E-03
+5.5000E+00,-30.8E-03,+62.4E-03
+5.5100E+00,-30.8E-03,+59.0E-03
+5.5200E+00,-111.2E-03,+60.3E-03
+5.5300E+00,-30.8E-03,+58.6E-03
+5.5400E+00,-103.6E-03,+58.5E-03
+5.5500E+00,-98.6E-03,+59.4E-03
+5.5600E+00,-111.2E-03,+57.0E-03
+5.5700E+00,+3.2381E+00,+81.6E-03
+5.5800E+00,+3.1928E+00,+82.1E-03
+5.5900E+00,+3.1853E+00,+82.1E-03
+5.6000E+00,+3.2330E+00,+81.2E-03
+5.6100E+00,+3.1853E+00,+85.9E-03
+5.6200E+00,+3.1853E+00,+85.0E-03
+5.6300E+00,+3.2531E+00,+81.0E-03
+5.6400E+00,+3.2180E+00,+85.0E-03
+5.6500E+00,+3.1853E+00,+81.1E-03
+5.6600E+00,+3.2657E+00,+81.0E-03
+5.6700E+00,-30.8E-03,+58.0E-03
+5.6800E+00,-30.8E-03,+57.7E-03
+5.6900E+00,-30.8E-03,+63.9E-03
+5.7000E+00,-103.6E-03,+56.7E-03
+5.7100E+00,-98.6E-03,+58.5E-03
+5.7200E+00,-30.8E-03,+62.2E-03
+5.7300E+00,-30.8E-03,+60.1E-03
+5.7400E+00,-38.3E-03,+62.4E-03
+5.7500E+00,-30.8E-03,+56.6E-03
+5.7600E+00,-30.8E-03,+60.3E-03
+5.7700E+00,-30.8E-03,+60.1E-03
+5.7800E+00,-103.6E-03,+59.5E-03
+5.7900E+00,-30.8E-03,+61.0E-03
+5.8000E+00,-63.4E-03,+60.3E-03
+5.8100E+00,-111.2E-03,+57.5E-03
+5.8200E+00,-111.2E-03,+59.8E-03
+5.8300E+00,-98.6E-03,+62.6E-03
+5.8400E+00,-63.4E-03,+59.3E-03
+5.8500E+00,-30.8E-03,+59.1E-03
+5.8600E+00,-103.6E-03,+59.6E-03
+5.8700E+00,-30.8E-03,+60.7E-03
+5.8800E+00,-111.2E-03,+60.6E-03
+5.8900E+00,-30.8E-03,+57.0E-03
+5.9000E+00,-30.8E-03,+56.5E-03
+5.9100E+00,-98.6E-03,+61.5E-03
+5.9200E+00,-30.8E-03,+58.3E-03
+5.9300E+00,-83.5E-03,+59.1E-03
+5.9400E+00,-30.8E-03,+64.0E-03
+5.9500E+00,-30.8E-03,+59.6E-03
+5.9600E+00,-30.8E-03,+60.0E-03
+5.9700E+00,-83.5E-03,+60.7E-03
+5.9800E+00,-38.3E-03,+62.7E-03
+5.9900E+00,-98.6E-03,+57.4E-03
+6.0000E+00,-63.4E-03,+56.4E-03
+6.0100E+00,-83.5E-03,+61.8E-03
+6.0200E+00,-103.6E-03,+59.8E-03
+6.0300E+00,-43.3E-03,+57.8E-03
+6.0400E+00,-63.4E-03,+54.8E-03
+6.0500E+00,-58.4E-03,+60.1E-03
+6.0600E+00,-111.2E-03,+61.1E-03
+6.0700E+00,-98.6E-03,+59.1E-03
+6.0800E+00,-30.8E-03,+58.3E-03
+6.0900E+00,-83.5E-03,+63.3E-03
+6.1000E+00,-103.6E-03,+62.2E-03
+6.1100E+00,-98.6E-03,+55.3E-03
+6.1200E+00,-30.8E-03,+58.6E-03
+6.1300E+00,-83.5E-03,+62.3E-03
+6.1400E+00,-103.6E-03,+61.4E-03
+6.1500E+00,-43.3E-03,+61.2E-03
+6.1600E+00,-96.1E-03,+57.3E-03
+6.1700E+00,-30.8E-03,+56.8E-03
+6.1800E+00,+3.2657E+00,+88.6E-03
+6.1900E+00,+3.1979E+00,+82.9E-03
+6.2000E+00,+3.1853E+00,+84.0E-03
+6.2100E+00,+3.2129E+00,+81.6E-03
+6.2200E+00,+3.1853E+00,+83.7E-03
+6.2300E+00,+3.1853E+00,+82.6E-03
+6.2400E+00,+3.1853E+00,+84.4E-03
+6.2500E+00,+3.2381E+00,+83.2E-03
+6.2600E+00,+3.1853E+00,+85.5E-03
+6.2700E+00,+3.1853E+00,+85.6E-03
+6.2800E+00,-111.2E-03,+57.0E-03
+6.2900E+00,-83.5E-03,+59.7E-03
+6.3000E+00,-38.3E-03,+59.6E-03
+6.3100E+00,-111.2E-03,+62.3E-03
+6.3200E+00,-78.5E-03,+61.2E-03
+6.3300E+00,-30.8E-03,+57.4E-03
+6.3400E+00,-38.3E-03,+58.2E-03
+6.3500E+00,-111.2E-03,+59.4E-03
+6.3600E+00,-30.8E-03,+59.6E-03
+6.3700E+00,-83.5E-03,+60.2E-03
+6.3800E+00,-30.8E-03,+59.8E-03
+6.3900E+00,-30.8E-03,+53.9E-03
+6.4000E+00,-63.4E-03,+58.4E-03
+6.4100E+00,-30.8E-03,+59.6E-03
+6.4200E+00,-103.6E-03,+57.9E-03
+6.4300E+00,-98.6E-03,+60.7E-03
+6.4400E+00,-30.8E-03,+58.7E-03
+6.4500E+00,-30.8E-03,+61.2E-03
+6.4600E+00,-111.2E-03,+59.6E-03
+6.4700E+00,-30.8E-03,+61.5E-03
+6.4800E+00,-30.8E-03,+60.6E-03
+6.4900E+00,-30.8E-03,+59.1E-03
+6.5000E+00,-30.8E-03,+56.2E-03
+6.5100E+00,-98.6E-03,+58.0E-03
+6.5200E+00,-63.4E-03,+58.0E-03
+6.5300E+00,-58.4E-03,+61.2E-03
+6.5400E+00,-38.3E-03,+61.1E-03
+6.5500E+00,-43.3E-03,+55.0E-03
+6.5600E+00,-30.8E-03,+59.0E-03
+6.5700E+00,-111.2E-03,+54.8E-03
+6.5800E+00,-30.8E-03,+58.2E-03
+6.5900E+00,-30.8E-03,+57.1E-03
+6.6000E+00,-63.4E-03,+59.0E-03
+6.6100E+00,-58.4E-03,+59.0E-03
+6.6200E+00,-103.6E-03,+58.2E-03
+6.6300E+00,-111.2E-03,+58.3E-03
+6.6400E+00,-30.8E-03,+58.0E-03
+6.6500E+00,-83.5E-03,+61.8E-03
+6.6600E+00,-38.3E-03,+59.2E-03
+6.6700E+00,-98.6E-03,+58.8E-03
+6.6800E+00,-30.8E-03,+59.6E-03
+6.6900E+00,-30.8E-03,+59.1E-03
+6.7000E+00,-103.6E-03,+60.9E-03
+6.7100E+00,-30.8E-03,+61.0E-03
+6.7200E+00,-30.8E-03,+59.6E-03
+6.7300E+00,-58.4E-03,+58.6E-03
+6.7400E+00,-30.8E-03,+60.9E-03
+6.7500E+00,-98.6E-03,+59.4E-03
+6.7600E+00,-30.8E-03,+59.3E-03
+6.7700E+00,-83.5E-03,+61.7E-03
+6.7800E+00,+3.1928E+00,+85.3E-03
+6.7900E+00,+3.1853E+00,+85.3E-03
+6.8000E+00,+3.1853E+00,+85.0E-03
+6.8100E+00,+3.1853E+00,+86.9E-03
+6.8200E+00,+3.1853E+00,+83.9E-03
+6.8300E+00,+3.2531E+00,+85.6E-03
+6.8400E+00,+3.2657E+00,+85.7E-03
+6.8500E+00,+3.1853E+00,+89.1E-03
+6.8600E+00,+3.1853E+00,+85.3E-03
+6.8700E+00,+3.1853E+00,+86.7E-03
+6.8800E+00,-78.5E-03,+59.6E-03
+6.8900E+00,-30.8E-03,+58.6E-03
+6.9000E+00,-38.3E-03,+59.3E-03
+6.9100E+00,-43.3E-03,+61.2E-03
+6.9200E+00,-30.8E-03,+56.7E-03
+6.9300E+00,-83.5E-03,+57.5E-03
+6.9400E+00,-111.2E-03,+59.8E-03
+6.9500E+00,-30.8E-03,+58.5E-03
+6.9600E+00,-30.8E-03,+58.4E-03
+6.9700E+00,-83.5E-03,+59.6E-03
+6.9800E+00,-103.6E-03,+62.4E-03
+6.9900E+00,-98.6E-03,+62.6E-03
+7.0000E+00,-30.8E-03,+58.7E-03
+7.0100E+00,-58.4E-03,+58.0E-03
+7.0200E+00,-30.8E-03,+58.2E-03
+7.0300E+00,-43.3E-03,+61.5E-03
+7.0400E+00,-111.2E-03,+58.6E-03
+7.0500E+00,-30.8E-03,+63.4E-03
+7.0600E+00,-38.3E-03,+60.9E-03
+7.0700E+00,-98.6E-03,+59.6E-03
+7.0800E+00,-63.4E-03,+59.3E-03
+7.0900E+00,-111.2E-03,+60.7E-03
+7.1000E+00,-38.3E-03,+61.2E-03
+7.1100E+00,-43.3E-03,+63.1E-03
+7.1200E+00,-78.5E-03,+60.3E-03
+7.1300E+00,-30.8E-03,+60.7E-03
+7.1400E+00,-103.6E-03,+60.8E-03
+7.1500E+00,-30.8E-03,+59.4E-03
+7.1600E+00,-111.2E-03,+58.0E-03
+7.1700E+00,-58.4E-03,+54.8E-03
+7.1800E+00,-103.6E-03,+62.4E-03
+7.1900E+00,-111.2E-03,+61.8E-03
+7.2000E+00,-30.8E-03,+60.0E-03
+7.2100E+00,-58.4E-03,+58.6E-03
+7.2200E+00,-30.8E-03,+59.6E-03
+7.2300E+00,-43.3E-03,+59.6E-03
+7.2400E+00,-63.4E-03,+62.2E-03
+7.2500E+00,-30.8E-03,+61.2E-03
+7.2600E+00,-103.6E-03,+58.2E-03
+7.2700E+00,-30.8E-03,+60.7E-03
+7.2800E+00,-30.8E-03,+58.0E-03
+7.2900E+00,-111.2E-03,+60.7E-03
+7.3000E+00,-30.8E-03,+58.3E-03
+7.3100E+00,-30.8E-03,+55.5E-03
+7.3200E+00,-30.8E-03,+58.7E-03
+7.3300E+00,-58.4E-03,+58.0E-03
+7.3400E+00,-103.6E-03,+59.5E-03
+7.3500E+00,-30.8E-03,+61.8E-03
+7.3600E+00,-30.8E-03,+62.5E-03
+7.3700E+00,-83.5E-03,+60.6E-03
+7.3800E+00,+3.2582E+00,+83.9E-03
+7.3900E+00,+3.2531E+00,+86.4E-03
+7.4000E+00,+3.2657E+00,+88.6E-03
+7.4100E+00,+3.2381E+00,+88.0E-03
+7.4200E+00,+3.1853E+00,+88.4E-03
+7.4300E+00,+3.1853E+00,+90.2E-03
+7.4400E+00,+3.2657E+00,+87.9E-03
+7.4500E+00,+3.1853E+00,+85.3E-03
+7.4600E+00,+3.1853E+00,+85.8E-03
+7.4700E+00,+3.1853E+00,+87.2E-03
+7.4800E+00,-78.5E-03,+57.7E-03
+7.4900E+00,-58.4E-03,+56.9E-03
+7.5000E+00,-103.6E-03,+56.7E-03
+7.5100E+00,-98.6E-03,+61.5E-03
+7.5200E+00,-63.4E-03,+59.3E-03
+7.5300E+00,-30.8E-03,+58.6E-03
+7.5400E+00,-111.2E-03,+59.9E-03
+7.5500E+00,-98.6E-03,+57.5E-03
+7.5600E+00,-78.5E-03,+57.3E-03
+7.5700E+00,-30.8E-03,+59.6E-03
+7.5800E+00,-30.8E-03,+59.5E-03
+7.5900E+00,-111.2E-03,+61.7E-03
+7.6000E+00,-63.4E-03,+61.2E-03
+7.6100E+00,-30.8E-03,+57.4E-03
+7.6200E+00,-30.8E-03,+56.7E-03
+7.6300E+00,-30.8E-03,+62.3E-03
+7.6400E+00,-78.5E-03,+59.9E-03
+7.6500E+00,-30.8E-03,+60.1E-03
+7.6600E+00,-103.6E-03,+62.2E-03
+7.6700E+00,-30.8E-03,+59.6E-03
+7.6800E+00,-63.4E-03,+61.2E-03
+7.6900E+00,-30.8E-03,+60.2E-03
+7.7000E+00,-30.8E-03,+55.2E-03
+7.7100E+00,-43.3E-03,+59.6E-03
+7.7200E+00,-63.4E-03,+58.3E-03
+7.7300E+00,-83.5E-03,+59.6E-03
+7.7400E+00,-30.8E-03,+58.3E-03
+7.7500E+00,-43.3E-03,+60.5E-03
+7.7600E+00,-78.5E-03,+58.3E-03
+7.7700E+00,-83.5E-03,+62.8E-03
+7.7800E+00,-103.6E-03,+55.2E-03
+7.7900E+00,-111.2E-03,+62.6E-03
+7.8000E+00,-30.8E-03,+59.0E-03
+7.8100E+00,-30.8E-03,+56.4E-03
+7.8200E+00,-30.8E-03,+58.2E-03
+7.8300E+00,-98.6E-03,+58.5E-03
+7.8400E+00,-78.5E-03,+59.3E-03
+7.8500E+00,-58.4E-03,+61.2E-03
+7.8600E+00,-103.6E-03,+60.8E-03
+7.8700E+00,-98.6E-03,+60.5E-03
+7.8800E+00,-111.2E-03,+63.8E-03
+7.8900E+00,-30.8E-03,+55.9E-03
+7.9000E+00,-111.2E-03,+59.5E-03
+7.9100E+00,-111.2E-03,+59.1E-03
+7.9200E+00,-63.4E-03,+59.0E-03
+7.9300E+00,-30.8E-03,+56.9E-03
+7.9400E+00,-30.8E-03,+61.2E-03
+7.9500E+00,-111.2E-03,+60.5E-03
+7.9600E+00,-63.4E-03,+59.3E-03
+7.9700E+00,-58.4E-03,+56.9E-03
+7.9800E+00,-103.6E-03,+53.6E-03
+7.9900E+00,+3.1979E+00,+90.4E-03
+8.0000E+00,+3.2330E+00,+86.9E-03
+8.0100E+00,+3.2129E+00,+88.6E-03
+8.0200E+00,+3.1853E+00,+90.2E-03
+8.0300E+00,+3.1853E+00,+86.7E-03
+8.0400E+00,+3.2330E+00,+91.8E-03
+8.0500E+00,+3.1853E+00,+87.5E-03
+8.0600E+00,+3.1928E+00,+90.5E-03
+8.0700E+00,+3.2531E+00,+88.8E-03
+8.0800E+00,+3.2330E+00,+87.9E-03
+8.0900E+00,-83.5E-03,+60.1E-03
+8.1000E+00,-38.3E-03,+58.3E-03
+8.1100E+00,-43.3E-03,+58.3E-03
+8.1200E+00,-63.4E-03,+61.5E-03
+8.1300E+00,-83.5E-03,+59.1E-03
+8.1400E+00,-103.6E-03,+56.5E-03
+8.1500E+00,-30.8E-03,+61.0E-03
+8.1600E+00,-30.8E-03,+57.0E-03
+8.1700E+00,-30.8E-03,+60.1E-03
+8.1800E+00,-30.8E-03,+62.7E-03
+8.1900E+00,-98.6E-03,+59.9E-03
+8.2000E+00,-63.4E-03,+59.0E-03
+8.2100E+00,-58.4E-03,+56.4E-03
+8.2200E+00,-111.2E-03,+58.5E-03
+8.2300E+00,-30.8E-03,+61.7E-03
+8.2400E+00,-111.2E-03,+58.3E-03
+8.2500E+00,-58.4E-03,+60.7E-03
+8.2600E+00,-103.6E-03,+56.7E-03
+8.2700E+00,-111.2E-03,+58.5E-03
+8.2800E+00,-30.8E-03,+57.7E-03
+8.2900E+00,-30.8E-03,+60.2E-03
+8.3000E+00,-103.6E-03,+56.8E-03
+8.3100E+00,-98.6E-03,+59.9E-03
+8.3200E+00,-30.8E-03,+60.9E-03
+8.3300E+00,-30.8E-03,+60.7E-03
+8.3400E+00,-103.6E-03,+59.5E-03
+8.3500E+00,-111.2E-03,+59.6E-03
+8.3600E+00,-63.4E-03,+60.6E-03
+8.3700E+00,-58.4E-03,+57.4E-03
+8.3800E+00,-30.8E-03,+53.3E-03
+8.3900E+00,-98.6E-03,+59.4E-03
+8.4000E+00,-30.8E-03,+56.4E-03
+8.4100E+00,-30.8E-03,+60.1E-03
+8.4200E+00,-30.8E-03,+56.2E-03
+8.4300E+00,-98.6E-03,+54.2E-03
+8.4400E+00,-111.2E-03,+60.9E-03
+8.4500E+00,-83.5E-03,+60.6E-03
+8.4600E+00,-38.3E-03,+59.6E-03
+8.4700E+00,-111.2E-03,+59.1E-03
+8.4800E+00,-63.4E-03,+57.3E-03
+8.4900E+00,-58.4E-03,+55.9E-03
+8.5000E+00,-38.3E-03,+59.5E-03
+8.5100E+00,-111.2E-03,+56.9E-03
+8.5200E+00,-63.4E-03,+58.7E-03
+8.5300E+00,-30.8E-03,+60.1E-03
+8.5400E+00,-38.3E-03,+58.0E-03
+8.5500E+00,-98.6E-03,+58.5E-03
+8.5600E+00,-63.4E-03,+57.4E-03
+8.5700E+00,-30.8E-03,+58.6E-03
+8.5800E+00,-103.6E-03,+61.2E-03
+8.5900E+00,+3.2531E+00,+91.3E-03
+8.6000E+00,+3.2330E+00,+88.9E-03
+8.6100E+00,+3.1853E+00,+92.3E-03
+8.6200E+00,+3.2582E+00,+90.2E-03
+8.6300E+00,+3.1853E+00,+91.3E-03
+8.6400E+00,+3.2180E+00,+91.1E-03
+8.6500E+00,+3.1853E+00,+89.7E-03
+8.6600E+00,+3.1853E+00,+94.7E-03
+8.6700E+00,+3.1853E+00,+90.4E-03
+8.6800E+00,+3.2180E+00,+92.4E-03
+8.6900E+00,-111.2E-03,+60.2E-03
+8.7000E+00,-30.8E-03,+57.9E-03
+8.7100E+00,-98.6E-03,+60.7E-03
+8.7200E+00,-78.5E-03,+59.9E-03
+8.7300E+00,-111.2E-03,+58.5E-03
+8.7400E+00,-30.8E-03,+56.5E-03
+8.7500E+00,-30.8E-03,+61.2E-03
+8.7600E+00,-63.4E-03,+60.6E-03
+8.7700E+00,-83.5E-03,+58.0E-03
+8.7800E+00,-103.6E-03,+60.8E-03
+8.7900E+00,-98.6E-03,+58.3E-03
+8.8000E+00,-30.8E-03,+59.0E-03
+8.8100E+00,-111.2E-03,+60.6E-03
+8.8200E+00,-30.8E-03,+58.2E-03
+8.8300E+00,-43.3E-03,+59.1E-03
+8.8400E+00,-111.2E-03,+56.7E-03
+8.8500E+00,-58.4E-03,+59.1E-03
+8.8600E+00,-30.8E-03,+61.2E-03
+8.8700E+00,-30.8E-03,+55.0E-03
+8.8800E+00,-30.8E-03,+59.0E-03
+8.8900E+00,-30.8E-03,+61.2E-03
+8.9000E+00,-30.8E-03,+61.4E-03
+8.9100E+00,-43.3E-03,+60.1E-03
+8.9200E+00,-78.5E-03,+60.6E-03
+8.9300E+00,-58.4E-03,+59.1E-03
+8.9400E+00,-30.8E-03,+58.2E-03
+8.9500E+00,-30.8E-03,+62.6E-03
+8.9600E+00,-111.2E-03,+58.0E-03
+8.9700E+00,-30.8E-03,+60.2E-03
+8.9800E+00,-30.8E-03,+61.2E-03
+8.9900E+00,-98.6E-03,+63.7E-03
+9.0000E+00,-111.2E-03,+59.6E-03
+9.0100E+00,-111.2E-03,+60.2E-03
+9.0200E+00,-111.2E-03,+62.4E-03
+9.0300E+00,-111.2E-03,+62.6E-03
+9.0400E+00,-30.8E-03,+59.3E-03
+9.0500E+00,-111.2E-03,+58.5E-03
+9.0600E+00,-38.3E-03,+55.4E-03
+9.0700E+00,-30.8E-03,+56.4E-03
+9.0800E+00,-78.5E-03,+60.3E-03
+9.0900E+00,-58.4E-03,+55.3E-03
+9.1000E+00,-30.8E-03,+60.8E-03
+9.1100E+00,-111.2E-03,+57.8E-03
+9.1200E+00,-30.8E-03,+59.3E-03
+9.1300E+00,-30.8E-03,+59.7E-03
+9.1400E+00,-38.3E-03,+58.3E-03
+9.1500E+00,-30.8E-03,+62.3E-03
+9.1600E+00,-30.8E-03,+60.0E-03
+9.1700E+00,-111.2E-03,+56.4E-03
+9.1800E+00,-103.6E-03,+61.4E-03
+9.1900E+00,+3.2657E+00,+96.3E-03
+9.2000E+00,+3.1853E+00,+90.8E-03
+9.2100E+00,+3.1853E+00,+91.2E-03
+9.2200E+00,+3.1853E+00,+93.5E-03
+9.2300E+00,+3.1853E+00,+93.6E-03
+9.2400E+00,+3.1853E+00,+91.4E-03
+9.2500E+00,+3.2129E+00,+92.3E-03
+9.2600E+00,+3.1928E+00,+93.4E-03
+9.2700E+00,+3.2531E+00,+90.4E-03
+9.2800E+00,+3.1853E+00,+91.2E-03
+9.2900E+00,-30.8E-03,+62.8E-03
+9.3000E+00,-38.3E-03,+60.6E-03
+9.3100E+00,-30.8E-03,+61.2E-03
+9.3200E+00,-78.5E-03,+56.4E-03
+9.3300E+00,-30.8E-03,+58.6E-03
+9.3400E+00,-38.3E-03,+55.5E-03
+9.3500E+00,-30.8E-03,+57.4E-03
+9.3600E+00,-30.8E-03,+58.0E-03
+9.3700E+00,-111.2E-03,+60.2E-03
+9.3800E+00,-111.2E-03,+55.1E-03
+9.3900E+00,-98.6E-03,+57.1E-03
+9.4000E+00,-30.8E-03,+59.6E-03
+9.4100E+00,-30.8E-03,+60.7E-03
+9.4200E+00,-30.8E-03,+58.3E-03
+9.4300E+00,-43.3E-03,+57.5E-03
+9.4400E+00,-63.4E-03,+59.6E-03
+9.4500E+00,-83.5E-03,+58.6E-03
+9.4600E+00,-103.6E-03,+62.7E-03
+9.4700E+00,-30.8E-03,+57.1E-03
+9.4800E+00,-78.5E-03,+60.3E-03
+9.4900E+00,-111.2E-03,+56.9E-03
+9.5000E+00,-103.6E-03,+59.5E-03
+9.5100E+00,-98.6E-03,+59.9E-03
+9.5200E+00,-63.4E-03,+57.4E-03
+9.5300E+00,-58.4E-03,+60.2E-03
+9.5400E+00,-103.6E-03,+57.9E-03
+9.5500E+00,-30.8E-03,+58.5E-03
+9.5600E+00,-30.8E-03,+61.5E-03
+9.5700E+00,-30.8E-03,+59.6E-03
+9.5800E+00,-103.6E-03,+61.4E-03
+9.5900E+00,-30.8E-03,+59.4E-03
+9.6000E+00,-30.8E-03,+58.7E-03
+9.6100E+00,-58.4E-03,+59.1E-03
+9.6200E+00,-111.2E-03,+59.2E-03
+9.6300E+00,-30.8E-03,+62.6E-03
+9.6400E+00,-78.5E-03,+60.3E-03
+9.6500E+00,-58.4E-03,+62.3E-03
+9.6600E+00,-111.2E-03,+63.0E-03
+9.6700E+00,-43.3E-03,+58.8E-03
+9.6800E+00,-78.5E-03,+59.3E-03
+9.6900E+00,-58.4E-03,+55.8E-03
+9.7000E+00,-111.2E-03,+57.0E-03
+9.7100E+00,-30.8E-03,+56.4E-03
+9.7200E+00,-78.5E-03,+59.3E-03
+9.7300E+00,-30.8E-03,+58.6E-03
+9.7400E+00,-30.8E-03,+61.4E-03
+9.7500E+00,-30.8E-03,+57.8E-03
+9.7600E+00,-78.5E-03,+59.6E-03
+9.7700E+00,-30.8E-03,+55.9E-03
+9.7800E+00,-30.8E-03,+56.8E-03
+9.7900E+00,-43.3E-03,+58.0E-03
+9.8000E+00,+3.2657E+00,+98.5E-03
+9.8100E+00,+3.2381E+00,+99.8E-03
+9.8200E+00,+3.2582E+00,+95.0E-03
+9.8300E+00,+3.1853E+00,+96.6E-03
+9.8400E+00,+3.2180E+00,+95.3E-03
+9.8500E+00,+3.2381E+00,+96.1E-03
+9.8600E+00,+3.1928E+00,+96.6E-03
+9.8700E+00,+3.1853E+00,+96.3E-03
+9.8800E+00,+3.2657E+00,+96.9E-03
+9.8900E+00,+3.2129E+00,+95.0E-03
+9.9000E+00,-103.6E-03,+58.2E-03
+9.9100E+00,-98.6E-03,+56.9E-03
+9.9200E+00,-63.4E-03,+61.2E-03
+9.9300E+00,-83.5E-03,+55.4E-03
+9.9400E+00,-103.6E-03,+61.1E-03
+9.9500E+00,-30.8E-03,+59.9E-03
+9.9600E+00,-30.8E-03,+56.1E-03
+9.9700E+00,-30.8E-03,+60.1E-03
+9.9800E+00,-103.6E-03,+55.4E-03
+9.9900E+00,-98.6E-03,+62.1E-03
+10.0000E+00,-30.8E-03,+57.4E-03
+10.0100E+00,-111.2E-03,+59.0E-03
+10.0200E+00,-30.8E-03,+59.5E-03
+10.0300E+00,-98.6E-03,+59.6E-03
+10.0400E+00,-63.4E-03,+59.0E-03
+10.0500E+00,-30.8E-03,+59.1E-03
+10.0600E+00,-38.3E-03,+59.8E-03
+10.0700E+00,-98.6E-03,+60.5E-03
+10.0800E+00,-63.4E-03,+60.3E-03
+10.0900E+00,-30.8E-03,+61.2E-03
+10.1000E+00,-38.3E-03,+57.0E-03
+10.1100E+00,-98.6E-03,+59.6E-03
+10.1200E+00,-63.4E-03,+59.0E-03
+10.1300E+00,-30.8E-03,+58.0E-03
+10.1400E+00,-111.2E-03,+62.7E-03
+10.1500E+00,-98.6E-03,+58.5E-03
+10.1600E+00,-30.8E-03,+60.3E-03
+10.1700E+00,-83.5E-03,+60.7E-03
+10.1800E+00,-111.2E-03,+62.4E-03
+10.1900E+00,-111.2E-03,+59.9E-03
+10.2000E+00,-30.8E-03,+56.7E-03
+10.2100E+00,-58.4E-03,+58.6E-03
+10.2200E+00,-38.3E-03,+57.9E-03
+10.2300E+00,-30.8E-03,+59.4E-03
+10.2400E+00,-63.4E-03,+61.9E-03
+10.2500E+00,-30.8E-03,+58.0E-03
+10.2600E+00,-103.6E-03,+58.0E-03
+10.2700E+00,-98.6E-03,+61.5E-03
+10.2800E+00,-63.4E-03,+59.3E-03
+10.2900E+00,-30.8E-03,+59.1E-03
+10.3000E+00,-30.8E-03,+56.5E-03
+10.3100E+00,-30.8E-03,+59.6E-03
+10.3200E+00,-30.8E-03,+61.5E-03
+10.3300E+00,-58.4E-03,+60.2E-03
+10.3400E+00,-111.2E-03,+57.7E-03
+10.3500E+00,-43.3E-03,+59.4E-03
+10.3600E+00,-30.8E-03,+59.0E-03
+10.3700E+00,-30.8E-03,+58.5E-03
+10.3800E+00,-38.3E-03,+57.7E-03
+10.3900E+00,-30.8E-03,+59.6E-03
+10.4000E+00,+3.1853E+00,+97.6E-03
+10.4100E+00,+3.2657E+00,+99.3E-03
+10.4200E+00,+3.1853E+00,+100.1E-03
+10.4300E+00,+3.1853E+00,+98.5E-03
+10.4400E+00,+3.2180E+00,+97.6E-03
+10.4500E+00,+3.2657E+00,+97.1E-03
+10.4600E+00,+3.1853E+00,+104.3E-03
+10.4700E+00,+3.1853E+00,+96.1E-03
+10.4800E+00,+3.1853E+00,+97.6E-03
+10.4900E+00,+3.1853E+00,+96.1E-03
+10.5000E+00,-38.3E-03,+62.1E-03
+10.5100E+00,-30.8E-03,+55.3E-03
+10.5200E+00,-63.4E-03,+58.7E-03
+10.5300E+00,-83.5E-03,+57.4E-03
+10.5400E+00,-38.3E-03,+59.9E-03
+10.5500E+00,-43.3E-03,+61.0E-03
+10.5600E+00,-63.4E-03,+58.7E-03
+10.5700E+00,-83.5E-03,+59.6E-03
+10.5800E+00,-38.3E-03,+59.8E-03
+10.5900E+00,-43.3E-03,+58.9E-03
+10.6000E+00,-30.8E-03,+58.7E-03
+10.6100E+00,-58.4E-03,+59.1E-03
+10.6200E+00,-103.6E-03,+58.5E-03
+10.6300E+00,-30.8E-03,+61.0E-03
+10.6400E+00,-30.8E-03,+57.0E-03
+10.6500E+00,-58.4E-03,+60.7E-03
+10.6600E+00,-30.8E-03,+59.8E-03
+10.6700E+00,-43.3E-03,+61.2E-03
+10.6800E+00,-63.4E-03,+58.0E-03
+10.6900E+00,-58.4E-03,+59.1E-03
+10.7000E+00,-30.8E-03,+59.5E-03
+10.7100E+00,-30.8E-03,+62.3E-03
+10.7200E+00,-30.8E-03,+61.5E-03
+10.7300E+00,-30.8E-03,+58.6E-03
+10.7400E+00,-103.6E-03,+58.3E-03
+10.7500E+00,-30.8E-03,+58.5E-03
+10.7600E+00,-78.5E-03,+59.3E-03
+10.7700E+00,-30.8E-03,+60.1E-03
+10.7800E+00,-111.2E-03,+61.2E-03
+10.7900E+00,-30.8E-03,+61.0E-03
+10.8000E+00,-63.4E-03,+60.6E-03
+10.8100E+00,-30.8E-03,+58.6E-03
+10.8200E+00,-38.3E-03,+58.3E-03
+10.8300E+00,-30.8E-03,+61.5E-03
+10.8400E+00,-111.2E-03,+58.0E-03
+10.8500E+00,-111.2E-03,+59.6E-03
+10.8600E+00,-111.2E-03,+61.1E-03
+10.8700E+00,-30.8E-03,+59.1E-03
+10.8800E+00,-78.5E-03,+59.0E-03
+10.8900E+00,-58.4E-03,+59.1E-03
+10.9000E+00,-103.6E-03,+61.2E-03
+10.9100E+00,-43.3E-03,+58.3E-03
+10.9200E+00,-63.4E-03,+57.0E-03
+10.9300E+00,-58.4E-03,+60.7E-03
+10.9400E+00,-30.8E-03,+56.5E-03
+10.9500E+00,-43.3E-03,+59.9E-03
+10.9600E+00,-30.8E-03,+56.7E-03
+10.9700E+00,-58.4E-03,+61.2E-03
+10.9800E+00,-103.6E-03,+56.7E-03
+10.9900E+00,-111.2E-03,+57.1E-03
+11.0000E+00,+3.1853E+00,+99.5E-03
+11.0100E+00,+3.1853E+00,+105.2E-03
+11.0200E+00,+3.1853E+00,+104.8E-03
+11.0300E+00,+3.2531E+00,+104.4E-03
+11.0400E+00,+3.2180E+00,+100.5E-03
+11.0500E+00,+3.2381E+00,+97.2E-03
+11.0600E+00,+3.2582E+00,+103.0E-03
+11.0700E+00,+3.2531E+00,+104.9E-03
+11.0800E+00,+3.2330E+00,+100.8E-03
+11.0900E+00,+3.2381E+00,+104.1E-03
+11.1000E+00,-30.8E-03,+59.9E-03
+11.1100E+00,-30.8E-03,+61.2E-03
+11.1200E+00,-30.8E-03,+59.6E-03
+11.1300E+00,-111.2E-03,+60.7E-03
+11.1400E+00,-30.8E-03,+56.1E-03
+11.1500E+00,-111.2E-03,+61.0E-03
+11.1600E+00,-63.4E-03,+61.2E-03
+11.1700E+00,-58.4E-03,+56.4E-03
+11.1800E+00,-103.6E-03,+61.9E-03
+11.1900E+00,-30.8E-03,+58.6E-03
+11.2000E+00,-78.5E-03,+60.9E-03
+11.2100E+00,-111.2E-03,+61.7E-03
+11.2200E+00,-111.2E-03,+56.5E-03
+11.2300E+00,-98.6E-03,+57.5E-03
+11.2400E+00,-30.8E-03,+60.6E-03
+11.2500E+00,-111.2E-03,+60.2E-03
+11.2600E+00,-103.6E-03,+59.8E-03
+11.2700E+00,-111.2E-03,+62.3E-03
+11.2800E+00,-111.2E-03,+57.0E-03
+11.2900E+00,-30.8E-03,+59.6E-03
+11.3000E+00,-30.8E-03,+61.1E-03
+11.3100E+00,-30.8E-03,+62.3E-03
+11.3200E+00,-30.8E-03,+58.0E-03
+11.3300E+00,-83.5E-03,+59.6E-03
+11.3400E+00,-30.8E-03,+61.1E-03
+11.3500E+00,-98.6E-03,+58.5E-03
+11.3600E+00,-30.8E-03,+60.9E-03
+11.3700E+00,-83.5E-03,+59.1E-03
+11.3800E+00,-111.2E-03,+61.4E-03
+11.3900E+00,-43.3E-03,+61.5E-03
+11.4000E+00,-78.5E-03,+59.9E-03
+11.4100E+00,-58.4E-03,+56.9E-03
+11.4200E+00,-38.3E-03,+58.5E-03
+11.4300E+00,-43.3E-03,+59.1E-03
+11.4400E+00,-78.5E-03,+58.0E-03
+11.4500E+00,-30.8E-03,+60.7E-03
+11.4600E+00,-103.6E-03,+58.2E-03
+11.4700E+00,-30.8E-03,+56.9E-03
+11.4800E+00,-63.4E-03,+57.7E-03
+11.4900E+00,-83.5E-03,+58.6E-03
+11.5000E+00,-38.3E-03,+58.0E-03
+11.5100E+00,-30.8E-03,+56.6E-03
+11.5200E+00,-78.5E-03,+55.7E-03
+11.5300E+00,-83.5E-03,+61.2E-03
+11.5400E+00,-103.6E-03,+60.9E-03
+11.5500E+00,-30.8E-03,+57.8E-03
+11.5600E+00,-111.2E-03,+56.7E-03
+11.5700E+00,-58.4E-03,+61.2E-03
+11.5800E+00,-103.6E-03,+61.1E-03
+11.5900E+00,-30.8E-03,+58.5E-03
+11.6000E+00,-111.2E-03,+59.3E-03
+11.6100E+00,+3.1853E+00,+107.9E-03
+11.6200E+00,+3.1853E+00,+106.5E-03
+11.6300E+00,+3.1979E+00,+107.3E-03
+11.6400E+00,+3.2330E+00,+105.6E-03
+11.6500E+00,+3.2657E+00,+106.7E-03
+11.6600E+00,+3.2582E+00,+107.9E-03
+11.6700E+00,+3.2531E+00,+106.5E-03
+11.6800E+00,+3.1853E+00,+104.9E-03
+11.6900E+00,+3.2657E+00,+103.6E-03
+11.7000E+00,+3.1928E+00,+109.3E-03
+11.7100E+00,-43.3E-03,+62.6E-03
+11.7200E+00,-30.8E-03,+59.6E-03
+11.7300E+00,-30.8E-03,+59.1E-03
+11.7400E+00,-30.8E-03,+56.5E-03
+11.7500E+00,-30.8E-03,+57.1E-03
+11.7600E+00,-63.4E-03,+59.0E-03
+11.7700E+00,-83.5E-03,+61.8E-03
+11.7800E+00,-30.8E-03,+56.7E-03
+11.7900E+00,-30.8E-03,+59.9E-03
+11.8000E+00,-30.8E-03,+60.9E-03
+11.8100E+00,-30.8E-03,+64.4E-03
+11.8200E+00,-38.3E-03,+58.2E-03
+11.8300E+00,-30.8E-03,+56.6E-03
+11.8400E+00,-63.4E-03,+60.3E-03
+11.8500E+00,-58.4E-03,+60.7E-03
+11.8600E+00,-30.8E-03,+59.6E-03
+11.8700E+00,-30.8E-03,+55.5E-03
+11.8800E+00,-78.5E-03,+59.9E-03
+11.8900E+00,-111.2E-03,+62.3E-03
+11.9000E+00,-30.8E-03,+59.8E-03
+11.9100E+00,-30.8E-03,+61.0E-03
+11.9200E+00,-78.5E-03,+61.8E-03
+11.9300E+00,-30.8E-03,+59.1E-03
+11.9400E+00,-30.8E-03,+61.2E-03
+11.9500E+00,-98.6E-03,+56.4E-03
+11.9600E+00,-30.8E-03,+59.9E-03
+11.9700E+00,-30.8E-03,+56.4E-03
+11.9800E+00,-103.6E-03,+59.8E-03
+11.9900E+00,-98.6E-03,+59.6E-03
+12.0000E+00,-30.8E-03,+59.9E-03
+12.0100E+00,-111.2E-03,+60.7E-03
+12.0200E+00,-30.8E-03,+60.5E-03
+12.0300E+00,-30.8E-03,+61.0E-03
+12.0400E+00,-30.8E-03,+59.3E-03
+12.0500E+00,-83.5E-03,+59.1E-03
+12.0600E+00,-30.8E-03,+62.8E-03
+12.0700E+00,-111.2E-03,+59.4E-03
+12.0800E+00,-111.2E-03,+59.6E-03
+12.0900E+00,-58.4E-03,+57.4E-03
+12.1000E+00,-38.3E-03,+55.1E-03
+12.1100E+00,-30.8E-03,+60.5E-03
+12.1200E+00,-30.8E-03,+59.6E-03
+12.1300E+00,-30.8E-03,+61.7E-03
+12.1400E+00,-38.3E-03,+59.3E-03
+12.1500E+00,-98.6E-03,+54.4E-03
+12.1600E+00,-78.5E-03,+59.3E-03
+12.1700E+00,-83.5E-03,+59.0E-03
+12.1800E+00,-103.6E-03,+61.1E-03
+12.1900E+00,-43.3E-03,+59.6E-03
+12.2000E+00,-63.4E-03,+59.3E-03
+12.2100E+00,+3.1853E+00,+115.3E-03
+12.2200E+00,+3.2582E+00,+111.2E-03
+12.2300E+00,+3.2531E+00,+115.6E-03
+12.2400E+00,+3.1853E+00,+113.3E-03
+12.2500E+00,+3.2381E+00,+111.1E-03
+12.2600E+00,+3.2582E+00,+109.6E-03
+12.2700E+00,+3.1853E+00,+109.5E-03
+12.2800E+00,+3.2180E+00,+109.5E-03
+12.2900E+00,+3.2381E+00,+110.6E-03
+12.3000E+00,+3.2582E+00,+109.8E-03
+12.3100E+00,-30.8E-03,+57.8E-03
+12.3200E+00,-78.5E-03,+60.3E-03
+12.3300E+00,-83.5E-03,+59.7E-03
+12.3400E+00,+34.5E-03,+58.0E-03
+12.3500E+00,-98.6E-03,+60.5E-03
+12.3600E+00,-30.8E-03,+57.4E-03
+12.3700E+00,-30.8E-03,+60.2E-03
+12.3800E+00,-103.6E-03,+57.0E-03
+12.3900E+00,-30.8E-03,+55.0E-03
+12.4000E+00,-111.2E-03,+59.3E-03
+12.4100E+00,-30.8E-03,+60.1E-03
+12.4200E+00,-111.2E-03,+56.7E-03
+12.4300E+00,-30.8E-03,+58.5E-03
+12.4400E+00,-63.4E-03,+61.2E-03
+12.4500E+00,-30.8E-03,+56.9E-03
+12.4600E+00,-111.2E-03,+59.5E-03
+12.4700E+00,-98.6E-03,+58.5E-03
+12.4800E+00,-63.4E-03,+60.3E-03
+12.4900E+00,-58.4E-03,+62.3E-03
+12.5000E+00,-38.3E-03,+59.6E-03
+12.5100E+00,-30.8E-03,+54.8E-03
+12.5200E+00,-63.4E-03,+58.3E-03
+12.5300E+00,-30.8E-03,+57.4E-03
+12.5400E+00,-111.2E-03,+57.1E-03
+12.5500E+00,-111.2E-03,+63.4E-03
+12.5600E+00,-78.5E-03,+59.6E-03
+12.5700E+00,-111.2E-03,+62.8E-03
+12.5800E+00,-30.8E-03,+59.8E-03
+12.5900E+00,-111.2E-03,+62.3E-03
+12.6000E+00,-78.5E-03,+59.3E-03
+12.6100E+00,-30.8E-03,+60.2E-03
+12.6200E+00,-103.6E-03,+58.2E-03
+12.6300E+00,-43.3E-03,+59.6E-03
+12.6400E+00,-30.8E-03,+60.6E-03
+12.6500E+00,-30.8E-03,+60.1E-03
+12.6600E+00,-103.6E-03,+61.1E-03
+12.6700E+00,-30.8E-03,+61.8E-03
+12.6800E+00,-30.8E-03,+61.2E-03
+12.6900E+00,-83.5E-03,+59.6E-03
+12.7000E+00,-103.6E-03,+57.0E-03
+12.7100E+00,-98.6E-03,+62.1E-03
+12.7200E+00,-78.5E-03,+59.9E-03
+12.7300E+00,-111.2E-03,+58.0E-03
+12.7400E+00,-30.8E-03,+59.5E-03
+12.7500E+00,-30.8E-03,+59.1E-03
+12.7600E+00,-30.8E-03,+59.3E-03
+12.7700E+00,-83.5E-03,+60.7E-03
+12.7800E+00,-111.2E-03,+60.9E-03
+12.7900E+00,-98.6E-03,+56.4E-03
+12.8000E+00,-30.8E-03,+59.0E-03
+12.8100E+00,+3.1853E+00,+118.1E-03
+12.8200E+00,+3.2657E+00,+120.4E-03
+12.8300E+00,+3.1853E+00,+117.2E-03
+12.8400E+00,+3.2657E+00,+115.6E-03
+12.8500E+00,+3.2381E+00,+114.8E-03
+12.8600E+00,+3.1928E+00,+117.8E-03
+12.8700E+00,+3.2531E+00,+117.0E-03
+12.8800E+00,+3.1853E+00,+119.1E-03
+12.8900E+00,+3.2381E+00,+117.0E-03
+12.9000E+00,+3.1853E+00,+116.2E-03
+12.9100E+00,-43.3E-03,+61.2E-03
+12.9200E+00,-63.4E-03,+59.9E-03
+12.9300E+00,-58.4E-03,+60.2E-03
+12.9400E+00,-103.6E-03,+61.1E-03
+12.9500E+00,-98.6E-03,+61.5E-03
+12.9600E+00,-63.4E-03,+58.7E-03
+12.9700E+00,-83.5E-03,+56.3E-03
+12.9800E+00,-38.3E-03,+60.9E-03
+12.9900E+00,-30.8E-03,+58.3E-03
+13.0000E+00,-63.4E-03,+57.7E-03
+13.0100E+00,-83.5E-03,+58.6E-03
+13.0200E+00,-111.2E-03,+62.4E-03
+13.0300E+00,-43.3E-03,+62.3E-03
+13.0400E+00,-63.4E-03,+58.3E-03
+13.0500E+00,-58.4E-03,+59.1E-03
+13.0600E+00,-38.3E-03,+59.8E-03
+13.0700E+00,-43.3E-03,+57.1E-03
+13.0800E+00,-78.5E-03,+58.4E-03
+13.0900E+00,-58.4E-03,+61.2E-03
+13.1000E+00,-103.6E-03,+58.0E-03
+13.1100E+00,-30.8E-03,+59.4E-03
+13.1200E+00,-78.5E-03,+60.6E-03
+13.1300E+00,-83.5E-03,+59.1E-03
+13.1400E+00,-38.3E-03,+56.8E-03
+13.1500E+00,-30.8E-03,+60.2E-03
+13.1600E+00,-63.4E-03,+56.7E-03
+13.1700E+00,-30.8E-03,+58.6E-03
+13.1800E+00,-103.6E-03,+62.5E-03
+13.1900E+00,-30.8E-03,+60.1E-03
+13.2000E+00,-30.8E-03,+60.6E-03
+13.2100E+00,-111.2E-03,+58.6E-03
+13.2200E+00,-111.2E-03,+61.4E-03
+13.2300E+00,-30.8E-03,+57.5E-03
+13.2400E+00,-30.8E-03,+61.2E-03
+13.2500E+00,-30.8E-03,+59.6E-03
+13.2600E+00,-30.8E-03,+59.8E-03
+13.2700E+00,-43.3E-03,+61.0E-03
+13.2800E+00,-30.8E-03,+60.0E-03
+13.2900E+00,-83.5E-03,+59.1E-03
+13.3000E+00,-30.8E-03,+60.9E-03
+13.3100E+00,-98.6E-03,+61.2E-03
+13.3200E+00,-30.8E-03,+60.3E-03
+13.3300E+00,-30.8E-03,+56.4E-03
+13.3400E+00,-103.6E-03,+59.6E-03
+13.3500E+00,-98.6E-03,+59.4E-03
+13.3600E+00,-78.5E-03,+60.6E-03
+13.3700E+00,-111.2E-03,+60.2E-03
+13.3800E+00,-38.3E-03,+58.0E-03
+13.3900E+00,-30.8E-03,+57.1E-03
+13.4000E+00,-78.5E-03,+54.2E-03
+13.4100E+00,-58.4E-03,+58.6E-03
+13.4200E+00,+3.1853E+00,+123.6E-03
+13.4300E+00,+3.1853E+00,+122.0E-03
+13.4400E+00,+3.2180E+00,+125.5E-03
+13.4500E+00,+3.2381E+00,+123.4E-03
+13.4600E+00,+3.2582E+00,+128.0E-03
+13.4700E+00,+3.1853E+00,+128.0E-03
+13.4800E+00,+3.1853E+00,+126.2E-03
+13.4900E+00,+3.2129E+00,+122.9E-03
+13.5000E+00,+3.1928E+00,+127.1E-03
+13.5100E+00,+3.2657E+00,+120.1E-03
+13.5200E+00,-30.8E-03,+58.0E-03
+13.5300E+00,-30.8E-03,+61.2E-03
+13.5400E+00,-176.5E-03,+62.2E-03
+13.5500E+00,-30.8E-03,+58.5E-03
+13.5600E+00,-30.8E-03,+61.9E-03
+13.5700E+00,-58.4E-03,+58.0E-03
+13.5800E+00,-30.8E-03,+58.0E-03
+13.5900E+00,-30.8E-03,+58.8E-03
+13.6000E+00,-78.5E-03,+61.9E-03
+13.6100E+00,-111.2E-03,+60.7E-03
+13.6200E+00,-103.6E-03,+62.1E-03
+13.6300E+00,-98.6E-03,+59.6E-03
+13.6400E+00,-30.8E-03,+59.0E-03
+13.6500E+00,-30.8E-03,+60.1E-03
+13.6600E+00,-103.6E-03,+61.2E-03
+13.6700E+00,-30.8E-03,+53.7E-03
+13.6800E+00,-63.4E-03,+58.3E-03
+13.6900E+00,-111.2E-03,+58.6E-03
+13.7000E+00,-111.2E-03,+64.1E-03
+13.7100E+00,-98.6E-03,+58.5E-03
+13.7200E+00,-30.8E-03,+58.6E-03
+13.7300E+00,-58.4E-03,+61.2E-03
+13.7400E+00,-38.3E-03,+62.5E-03
+13.7500E+00,-111.2E-03,+61.0E-03
+13.7600E+00,-78.5E-03,+59.3E-03
+13.7700E+00,-83.5E-03,+60.7E-03
+13.7800E+00,-103.6E-03,+56.5E-03
+13.7900E+00,-43.3E-03,+56.6E-03
+13.8000E+00,-30.8E-03,+60.9E-03
+13.8100E+00,-30.8E-03,+60.7E-03
+13.8200E+00,-30.8E-03,+59.9E-03
+13.8300E+00,-30.8E-03,+58.5E-03
+13.8400E+00,-78.5E-03,+58.4E-03
+13.8500E+00,-83.5E-03,+56.4E-03
+13.8600E+00,-38.3E-03,+56.8E-03
+13.8700E+00,-43.3E-03,+62.3E-03
+13.8800E+00,-63.4E-03,+60.3E-03
+13.8900E+00,-30.8E-03,+60.7E-03
+13.9000E+00,-38.3E-03,+54.9E-03
+13.9100E+00,-111.2E-03,+58.3E-03
+13.9200E+00,-63.4E-03,+58.4E-03
+13.9300E+00,-58.4E-03,+59.6E-03
+13.9400E+00,-38.3E-03,+60.9E-03
+13.9500E+00,-30.8E-03,+57.5E-03
+13.9600E+00,-63.4E-03,+61.9E-03
+13.9700E+00,-30.8E-03,+59.6E-03
+13.9800E+00,-30.8E-03,+60.9E-03
+13.9900E+00,-98.6E-03,+58.3E-03
+14.0000E+00,-30.8E-03,+58.0E-03
+14.0100E+00,-111.2E-03,+60.1E-03
+14.0200E+00,+3.1853E+00,+130.2E-03
+14.0300E+00,+3.1853E+00,+127.1E-03
+14.0400E+00,+3.2657E+00,+130.7E-03
+14.0500E+00,+3.1853E+00,+131.9E-03
+14.0600E+00,+3.1928E+00,+130.7E-03
+14.0700E+00,+3.2531E+00,+131.7E-03
+14.0800E+00,+3.1853E+00,+131.0E-03
+14.0900E+00,+3.2129E+00,+127.8E-03
+14.1000E+00,+3.2657E+00,+127.4E-03
+14.1100E+00,+3.2531E+00,+133.6E-03
+14.1200E+00,-30.8E-03,+56.4E-03
+14.1300E+00,-30.8E-03,+57.4E-03
+14.1400E+00,-30.8E-03,+56.7E-03
+14.1500E+00,-43.3E-03,+59.9E-03
+14.1600E+00,-78.5E-03,+59.3E-03
+14.1700E+00,-83.5E-03,+59.1E-03
+14.1800E+00,-30.8E-03,+56.8E-03
+14.1900E+00,-30.8E-03,+57.4E-03
+14.2000E+00,-78.5E-03,+57.7E-03
+14.2100E+00,-30.8E-03,+58.5E-03
+14.2200E+00,-38.3E-03,+59.3E-03
+14.2300E+00,-98.6E-03,+62.6E-03
+14.2400E+00,-78.5E-03,+58.3E-03
+14.2500E+00,-83.5E-03,+56.4E-03
+14.2600E+00,-30.8E-03,+55.2E-03
+14.2700E+00,-30.8E-03,+55.8E-03
+14.2800E+00,-111.2E-03,+59.6E-03
+14.2900E+00,-111.2E-03,+60.1E-03
+14.3000E+00,-103.6E-03,+60.9E-03
+14.3100E+00,-30.8E-03,+58.5E-03
+14.3200E+00,-30.8E-03,+59.3E-03
+14.3300E+00,-58.4E-03,+58.1E-03
+14.3400E+00,-111.2E-03,+59.8E-03
+14.3500E+00,-30.8E-03,+59.9E-03
+14.3600E+00,-30.8E-03,+61.9E-03
+14.3700E+00,-111.2E-03,+58.0E-03
+14.3800E+00,-30.8E-03,+60.9E-03
+14.3900E+00,-30.8E-03,+61.0E-03
+14.4000E+00,-78.5E-03,+60.9E-03
+14.4100E+00,-30.8E-03,+58.0E-03
+14.4200E+00,-111.2E-03,+61.1E-03
+14.4300E+00,-30.8E-03,+58.5E-03
+14.4400E+00,-78.5E-03,+61.2E-03
+14.4500E+00,-58.4E-03,+61.2E-03
+14.4600E+00,-103.6E-03,+62.8E-03
+14.4700E+00,-30.8E-03,+59.1E-03
+14.4800E+00,-30.8E-03,+59.3E-03
+14.4900E+00,-30.8E-03,+58.0E-03
+14.5000E+00,-30.8E-03,+62.8E-03
+14.5100E+00,-30.8E-03,+60.4E-03
+14.5200E+00,-78.5E-03,+58.3E-03
+14.5300E+00,-30.8E-03,+58.1E-03
+14.5400E+00,-38.3E-03,+59.5E-03
+14.5500E+00,-30.8E-03,+61.2E-03
+14.5600E+00,-30.8E-03,+58.4E-03
+14.5700E+00,-83.5E-03,+58.6E-03
+14.5800E+00,-103.6E-03,+60.9E-03
+14.5900E+00,-30.8E-03,+59.9E-03
+14.6000E+00,-30.8E-03,+60.9E-03
+14.6100E+00,-83.5E-03,+62.3E-03
+14.6200E+00,+3.1853E+00,+69.8E-03
+14.6300E+00,+3.1853E+00,+147.6E-03
+14.6400E+00,+3.1853E+00,+142.3E-03
+14.6500E+00,+3.1853E+00,+144.9E-03
+14.6600E+00,+3.1928E+00,+148.2E-03
+14.6700E+00,+3.2657E+00,+144.0E-03
+14.6800E+00,+3.1853E+00,+146.1E-03
+14.6900E+00,+3.2381E+00,+150.2E-03
+14.7000E+00,+3.2582E+00,+143.4E-03
+14.7100E+00,+3.1853E+00,+149.8E-03
+14.7200E+00,-30.8E-03,+56.4E-03
+14.7300E+00,-58.4E-03,+59.1E-03
+14.7400E+00,-30.8E-03,+61.2E-03
+14.7500E+00,-30.8E-03,+59.9E-03
+14.7600E+00,-78.5E-03,+59.6E-03
+14.7700E+00,-111.2E-03,+59.6E-03
+14.7800E+00,-103.6E-03,+56.7E-03
+14.7900E+00,-43.3E-03,+56.6E-03
+14.8000E+00,-78.5E-03,+58.4E-03
+14.8100E+00,-30.8E-03,+61.2E-03
+14.8200E+00,-30.8E-03,+58.2E-03
+14.8300E+00,-43.3E-03,+60.2E-03
+14.8400E+00,-30.8E-03,+59.9E-03
+14.8500E+00,-83.5E-03,+58.1E-03
+14.8600E+00,-38.3E-03,+61.1E-03
+14.8700E+00,-30.8E-03,+58.8E-03
+14.8800E+00,-111.2E-03,+59.3E-03
+14.8900E+00,-138.8E-03,+62.9E-03
+14.9000E+00,-30.8E-03,+59.9E-03
+14.9100E+00,-43.3E-03,+59.6E-03
+14.9200E+00,-111.2E-03,+61.2E-03
+14.9300E+00,-111.2E-03,+61.2E-03
+14.9400E+00,-103.6E-03,+62.4E-03
+14.9500E+00,-111.2E-03,+60.7E-03
+14.9600E+00,-78.5E-03,+58.0E-03
+14.9700E+00,-83.5E-03,+60.2E-03
+14.9800E+00,-111.2E-03,+62.4E-03
+14.9900E+00,-43.3E-03,+56.9E-03
+15.0000E+00,-30.8E-03,+57.3E-03
+15.0100E+00,-58.4E-03,+60.1E-03
+15.0200E+00,-111.2E-03,+62.2E-03
+15.0300E+00,-98.6E-03,+62.1E-03
+15.0400E+00,-63.4E-03,+60.2E-03
+15.0500E+00,-83.5E-03,+60.7E-03
+15.0600E+00,-30.8E-03,+56.7E-03
+15.0700E+00,-30.8E-03,+55.8E-03
+15.0800E+00,-30.8E-03,+59.3E-03
+15.0900E+00,-111.2E-03,+61.2E-03
+15.1000E+00,-103.6E-03,+56.5E-03
+15.1100E+00,-98.6E-03,+56.9E-03
+15.1200E+00,-30.8E-03,+58.3E-03
+15.1300E+00,-83.5E-03,+60.1E-03
+15.1400E+00,-30.8E-03,+59.5E-03
+15.1500E+00,-98.6E-03,+59.6E-03
+15.1600E+00,-63.4E-03,+59.0E-03
+15.1700E+00,-83.5E-03,+58.6E-03
+15.1800E+00,-30.8E-03,+56.5E-03
+15.1900E+00,-43.3E-03,+58.5E-03
+15.2000E+00,-30.8E-03,+60.3E-03
+15.2100E+00,-30.8E-03,+61.2E-03
+15.2200E+00,-103.6E-03,+57.9E-03
+15.2300E+00,-98.6E-03,+59.6E-03
+15.2400E+00,-78.5E-03,+54.5E-03
+15.2500E+00,-83.5E-03,+59.0E-03
+15.2600E+00,-38.3E-03,+58.2E-03
+15.2700E+00,-30.8E-03,+55.5E-03
+15.2800E+00,-78.5E-03,+56.1E-03
+15.2900E+00,-83.5E-03,+61.2E-03
+15.3000E+00,-103.6E-03,+54.6E-03
+15.3100E+00,-111.2E-03,+57.8E-03
+15.3200E+00,-78.5E-03,+58.0E-03
+15.3300E+00,-30.8E-03,+57.5E-03
+15.3400E+00,-103.6E-03,+57.9E-03
+15.3500E+00,-98.6E-03,+59.9E-03
+15.3600E+00,-63.4E-03,+56.1E-03
+15.3700E+00,-58.4E-03,+60.7E-03
+15.3800E+00,-103.6E-03,+59.3E-03
+15.3900E+00,-98.6E-03,+54.2E-03
+15.4000E+00,-30.8E-03,+59.0E-03
+15.4100E+00,-83.5E-03,+60.2E-03
+15.4200E+00,-30.8E-03,+54.8E-03
+15.4300E+00,-98.6E-03,+62.1E-03
+15.4400E+00,-63.4E-03,+57.0E-03
+15.4500E+00,-83.5E-03,+59.1E-03
+15.4600E+00,-38.3E-03,+58.2E-03
+15.4700E+00,-30.8E-03,+58.3E-03
+15.4800E+00,-30.8E-03,+58.3E-03
+15.4900E+00,-58.4E-03,+59.6E-03
+15.5000E+00,-38.3E-03,+57.9E-03
+15.5100E+00,-30.8E-03,+56.4E-03
+15.5200E+00,-78.5E-03,+60.6E-03
+15.5300E+00,-111.2E-03,+60.2E-03
+15.5400E+00,-111.2E-03,+59.5E-03
+15.5500E+00,-111.2E-03,+58.9E-03
+15.5600E+00,-30.8E-03,+58.0E-03
+15.5700E+00,-30.8E-03,+55.8E-03
+15.5800E+00,-111.2E-03,+61.1E-03
+15.5900E+00,-43.3E-03,+55.5E-03
+15.6000E+00,-30.8E-03,+60.0E-03
+15.6100E+00,-30.8E-03,+57.5E-03
+15.6200E+00,-111.2E-03,+57.7E-03
+15.6300E+00,-30.8E-03,+59.4E-03
+15.6400E+00,-78.5E-03,+61.8E-03
+15.6500E+00,-83.5E-03,+57.4E-03
+15.6600E+00,-38.3E-03,+56.8E-03
+15.6700E+00,-30.8E-03,+59.6E-03
+15.6800E+00,-30.8E-03,+58.7E-03
+15.6900E+00,-111.2E-03,+59.1E-03
+15.7000E+00,-103.6E-03,+59.0E-03
+15.7100E+00,-30.8E-03,+53.9E-03
+15.7200E+00,-30.8E-03,+59.9E-03
+15.7300E+00,-111.2E-03,+51.6E-03
+15.7400E+00,-103.6E-03,+51.7E-03
+15.7500E+00,-30.8E-03,+55.3E-03
+15.7600E+00,-63.4E-03,+51.3E-03
+15.7700E+00,-83.5E-03,+58.0E-03
+15.7800E+00,-111.2E-03,+50.1E-03
+15.7900E+00,-98.6E-03,+46.7E-03
+15.8000E+00,-30.8E-03,+49.3E-03
+15.8100E+00,-58.4E-03,+47.2E-03
+15.8200E+00,-38.3E-03,+48.2E-03
+15.8300E+00,-111.2E-03,+48.4E-03
+15.8400E+00,-78.5E-03,+49.9E-03
+15.8500E+00,-83.5E-03,+50.0E-03
+15.8600E+00,-30.8E-03,+45.4E-03
+15.8700E+00,-30.8E-03,+47.0E-03
+15.8800E+00,-78.5E-03,+48.7E-03
+15.8900E+00,-83.5E-03,+46.8E-03
+15.9000E+00,-30.8E-03,+47.0E-03
+15.9100E+00,-30.8E-03,+46.5E-03
+15.9200E+00,-30.8E-03,+48.1E-03
+15.9300E+00,-111.2E-03,+47.3E-03
+15.9400E+00,-111.2E-03,+54.3E-03
+15.9500E+00,-30.8E-03,+50.2E-03
+15.9600E+00,-63.4E-03,+50.0E-03
+15.9700E+00,+3.2129E+00,+82.6E-03
+15.9800E+00,+3.2657E+00,+85.0E-03
+15.9900E+00,+3.1853E+00,+84.8E-03
+16.0000E+00,+3.2180E+00,+82.1E-03
+16.0100E+00,+3.2129E+00,+83.2E-03
+16.0200E+00,+3.2582E+00,+80.7E-03
+16.0300E+00,+3.1979E+00,+80.2E-03
+16.0400E+00,+3.1853E+00,+85.7E-03
+16.0500E+00,+3.1853E+00,+81.1E-03
+16.0600E+00,+3.1928E+00,+82.0E-03
+16.0700E+00,-98.6E-03,+61.0E-03
+16.0800E+00,-30.8E-03,+58.4E-03
+16.0900E+00,-30.8E-03,+60.2E-03
+16.1000E+00,-30.8E-03,+61.1E-03
+16.1100E+00,-43.3E-03,+60.7E-03
+16.1200E+00,-111.2E-03,+60.3E-03
+16.1300E+00,-83.5E-03,+58.6E-03
+16.1400E+00,-30.8E-03,+61.1E-03
+16.1500E+00,-98.6E-03,+59.6E-03
+16.1600E+00,-30.8E-03,+60.6E-03
+16.1700E+00,-30.8E-03,+61.8E-03
+16.1800E+00,-30.8E-03,+60.2E-03
+16.1900E+00,-43.3E-03,+56.9E-03
+16.2000E+00,-63.4E-03,+60.6E-03
+16.2100E+00,-83.5E-03,+62.8E-03
+16.2200E+00,-38.3E-03,+62.5E-03
+16.2300E+00,-98.6E-03,+61.8E-03
+16.2400E+00,-111.2E-03,+57.0E-03
+16.2500E+00,-83.5E-03,+58.0E-03
+16.2600E+00,-30.8E-03,+59.2E-03
+16.2700E+00,-30.8E-03,+59.6E-03
+16.2800E+00,-63.4E-03,+60.9E-03
+16.2900E+00,-30.8E-03,+61.3E-03
+16.3000E+00,-38.3E-03,+57.0E-03
+16.3100E+00,-98.6E-03,+56.9E-03
+16.3200E+00,-30.8E-03,+60.3E-03
+16.3300E+00,-30.8E-03,+60.7E-03
+16.3400E+00,-103.6E-03,+61.1E-03
+16.3500E+00,-98.6E-03,+58.9E-03
+16.3600E+00,-63.4E-03,+59.9E-03
+16.3700E+00,-83.5E-03,+58.6E-03
+16.3800E+00,-111.2E-03,+59.5E-03
+16.3900E+00,-30.8E-03,+57.8E-03
+16.4000E+00,-111.2E-03,+59.6E-03
+16.4100E+00,-58.4E-03,+60.1E-03
+16.4200E+00,-38.3E-03,+59.2E-03
+16.4300E+00,-111.2E-03,+58.3E-03
+16.4400E+00,-111.2E-03,+61.5E-03
+16.4500E+00,-30.8E-03,+55.3E-03
+16.4600E+00,-38.3E-03,+62.4E-03
+16.4700E+00,-98.6E-03,+60.5E-03
+16.4800E+00,-63.4E-03,+61.5E-03
+16.4900E+00,-83.5E-03,+59.6E-03
+16.5000E+00,-111.2E-03,+60.8E-03
+16.5100E+00,-30.8E-03,+57.1E-03
+16.5200E+00,-63.4E-03,+59.9E-03
+16.5300E+00,-111.2E-03,+59.6E-03
+16.5400E+00,-38.3E-03,+56.5E-03
+16.5500E+00,-111.2E-03,+58.0E-03
+16.5600E+00,-30.8E-03,+60.9E-03
+16.5700E+00,+3.2129E+00,+82.7E-03
+16.5800E+00,+3.1853E+00,+83.7E-03
+16.5900E+00,+3.1853E+00,+81.0E-03
+16.6000E+00,+3.2330E+00,+85.0E-03
+16.6100E+00,+3.2129E+00,+83.7E-03
+16.6200E+00,+3.1853E+00,+83.9E-03
+16.6300E+00,+3.1979E+00,+82.1E-03
+16.6400E+00,+3.2657E+00,+85.3E-03
+16.6500E+00,+3.1853E+00,+83.8E-03
+16.6600E+00,+3.1853E+00,+82.3E-03
+16.6700E+00,-43.3E-03,+61.2E-03
+16.6800E+00,-30.8E-03,+60.6E-03
+16.6900E+00,-58.4E-03,+57.5E-03
+16.7000E+00,-103.6E-03,+61.1E-03
+16.7100E+00,-43.3E-03,+58.3E-03
+16.7200E+00,-111.2E-03,+62.2E-03
+16.7300E+00,-30.8E-03,+58.0E-03
+16.7400E+00,-30.8E-03,+56.4E-03
+16.7500E+00,-43.3E-03,+56.9E-03
+16.7600E+00,-111.2E-03,+60.9E-03
+16.7700E+00,-111.2E-03,+60.1E-03
+16.7800E+00,-30.8E-03,+58.3E-03
+16.7900E+00,-30.8E-03,+58.5E-03
+16.8000E+00,-30.8E-03,+61.2E-03
+16.8100E+00,-58.4E-03,+59.1E-03
+16.8200E+00,-38.3E-03,+58.2E-03
+16.8300E+00,-30.8E-03,+61.6E-03
+16.8400E+00,-63.4E-03,+57.0E-03
+16.8500E+00,-83.5E-03,+60.7E-03
+16.8600E+00,-111.2E-03,+57.0E-03
+16.8700E+00,-30.8E-03,+58.5E-03
+16.8800E+00,-30.8E-03,+59.3E-03
+16.8900E+00,-58.4E-03,+59.1E-03
+16.9000E+00,-111.2E-03,+60.8E-03
+16.9100E+00,-30.8E-03,+59.1E-03
+16.9200E+00,-111.2E-03,+60.0E-03
+16.9300E+00,-58.4E-03,+60.1E-03
+16.9400E+00,-111.2E-03,+55.2E-03
+16.9500E+00,-43.3E-03,+59.4E-03
+16.9600E+00,-30.8E-03,+61.2E-03
+16.9700E+00,-83.5E-03,+60.7E-03
+16.9800E+00,-38.3E-03,+56.4E-03
+16.9900E+00,-43.3E-03,+59.6E-03
+17.0000E+00,-30.8E-03,+59.0E-03
+17.0100E+00,-111.2E-03,+56.4E-03
+17.0200E+00,-30.8E-03,+59.8E-03
+17.0300E+00,-98.6E-03,+57.8E-03
+17.0400E+00,-30.8E-03,+55.1E-03
+17.0500E+00,-83.5E-03,+59.1E-03
+17.0600E+00,-38.3E-03,+61.2E-03
+17.0700E+00,-30.8E-03,+61.2E-03
+17.0800E+00,-30.8E-03,+57.7E-03
+17.0900E+00,-58.4E-03,+62.8E-03
+17.1000E+00,-38.3E-03,+61.4E-03
+17.1100E+00,-30.8E-03,+55.3E-03
+17.1200E+00,-111.2E-03,+61.2E-03
+17.1300E+00,-30.8E-03,+59.6E-03
+17.1400E+00,-38.3E-03,+59.8E-03
+17.1500E+00,-30.8E-03,+59.4E-03
+17.1600E+00,-30.8E-03,+57.0E-03
+17.1700E+00,-30.8E-03,+56.9E-03
+17.1800E+00,+3.1853E+00,+86.8E-03
+17.1900E+00,+3.1853E+00,+85.1E-03
+17.2000E+00,+3.2657E+00,+81.5E-03
+17.2100E+00,+3.1853E+00,+87.4E-03
+17.2200E+00,+3.2582E+00,+86.6E-03
+17.2300E+00,+3.1853E+00,+85.1E-03
+17.2400E+00,+3.2180E+00,+86.0E-03
+17.2500E+00,+3.2381E+00,+84.8E-03
+17.2600E+00,+3.1853E+00,+83.6E-03
+17.2700E+00,+2.6828E+00,+58.9E-03
+17.2800E+00,-30.8E-03,+58.3E-03
+17.2900E+00,-111.2E-03,+59.6E-03
+17.3000E+00,-38.3E-03,+58.3E-03
+17.3100E+00,-43.3E-03,+55.5E-03
+17.3200E+00,-78.5E-03,+58.7E-03
+17.3300E+00,-30.8E-03,+58.0E-03
+17.3400E+00,-30.8E-03,+60.9E-03
+17.3500E+00,-98.6E-03,+56.1E-03
+17.3600E+00,-63.4E-03,+62.2E-03
+17.3700E+00,-30.8E-03,+59.6E-03
+17.3800E+00,-30.8E-03,+57.0E-03
+17.3900E+00,-111.2E-03,+63.4E-03
+17.4000E+00,-78.5E-03,+59.3E-03
+17.4100E+00,-58.4E-03,+61.8E-03
+17.4200E+00,-30.8E-03,+60.9E-03
+17.4300E+00,-98.6E-03,+56.9E-03
+17.4400E+00,-30.8E-03,+57.4E-03
+17.4500E+00,-58.4E-03,+59.6E-03
+17.4600E+00,-30.8E-03,+61.1E-03
+17.4700E+00,-30.8E-03,+61.2E-03
+17.4800E+00,-63.4E-03,+59.6E-03
+17.4900E+00,-58.4E-03,+60.2E-03
+17.5000E+00,-38.3E-03,+61.1E-03
+17.5100E+00,-98.6E-03,+56.4E-03
+17.5200E+00,-63.4E-03,+59.3E-03
+17.5300E+00,-30.8E-03,+60.7E-03
+17.5400E+00,-30.8E-03,+58.3E-03
+17.5500E+00,-43.3E-03,+59.4E-03
+17.5600E+00,-78.5E-03,+55.7E-03
+17.5700E+00,-83.5E-03,+58.5E-03
+17.5800E+00,-30.8E-03,+61.1E-03
+17.5900E+00,-30.8E-03,+56.4E-03
+17.6000E+00,-63.4E-03,+59.6E-03
+17.6100E+00,-83.5E-03,+58.0E-03
+17.6200E+00,-30.8E-03,+59.9E-03
+17.6300E+00,-30.8E-03,+61.2E-03
+17.6400E+00,-30.8E-03,+59.6E-03
+17.6500E+00,-30.8E-03,+58.0E-03
+17.6600E+00,-111.2E-03,+58.2E-03
+17.6700E+00,-30.8E-03,+61.0E-03
+17.6800E+00,-63.4E-03,+58.0E-03
+17.6900E+00,-111.2E-03,+60.1E-03
+17.7000E+00,-30.8E-03,+57.0E-03
+17.7100E+00,-98.6E-03,+58.3E-03
+17.7200E+00,-30.8E-03,+59.3E-03
+17.7300E+00,-30.8E-03,+58.5E-03
+17.7400E+00,-38.3E-03,+59.5E-03
+17.7500E+00,-111.2E-03,+59.9E-03
+17.7600E+00,-30.8E-03,+59.0E-03
+17.7700E+00,-58.4E-03,+60.2E-03
+17.7800E+00,+3.2582E+00,+85.3E-03
+17.7900E+00,+3.1979E+00,+86.9E-03
+17.8000E+00,+3.1853E+00,+85.7E-03
+17.8100E+00,+3.2381E+00,+84.8E-03
+17.8200E+00,+3.1853E+00,+85.5E-03
+17.8300E+00,+3.1853E+00,+88.1E-03
+17.8400E+00,+3.2180E+00,+87.6E-03
+17.8500E+00,+3.2129E+00,+85.3E-03
+17.8600E+00,+3.2582E+00,+88.6E-03
+17.8700E+00,+3.2657E+00,+85.1E-03
+17.8800E+00,-30.8E-03,+57.7E-03
+17.8900E+00,-30.8E-03,+59.6E-03
+17.9000E+00,-30.8E-03,+61.1E-03
+17.9100E+00,-43.3E-03,+55.5E-03
+17.9200E+00,-78.5E-03,+58.3E-03
+17.9300E+00,-30.8E-03,+57.5E-03
+17.9400E+00,-30.8E-03,+59.5E-03
+17.9500E+00,-30.8E-03,+59.9E-03
+17.9600E+00,-78.5E-03,+61.9E-03
+17.9700E+00,-83.5E-03,+60.7E-03
+17.9800E+00,-103.6E-03,+61.4E-03
+17.9900E+00,-43.3E-03,+52.1E-03
+18.0000E+00,-111.2E-03,+59.3E-03
+18.0100E+00,-111.2E-03,+58.0E-03
+18.0200E+00,-30.8E-03,+56.2E-03
+18.0300E+00,-98.6E-03,+60.7E-03
+18.0400E+00,-30.8E-03,+60.6E-03
+18.0500E+00,-83.5E-03,+59.1E-03
+18.0600E+00,-38.3E-03,+62.1E-03
+18.0700E+00,-43.3E-03,+58.3E-03
+18.0800E+00,-111.2E-03,+59.0E-03
+18.0900E+00,-58.4E-03,+58.6E-03
+18.1000E+00,-103.6E-03,+59.6E-03
+18.1100E+00,-98.6E-03,+58.5E-03
+18.1200E+00,-63.4E-03,+60.3E-03
+18.1300E+00,-58.4E-03,+59.1E-03
+18.1400E+00,-30.8E-03,+62.4E-03
+18.1500E+00,-30.8E-03,+59.1E-03
+18.1600E+00,-111.2E-03,+59.3E-03
+18.1700E+00,-30.8E-03,+58.6E-03
+18.1800E+00,-30.8E-03,+58.5E-03
+18.1900E+00,-30.8E-03,+59.4E-03
+18.2000E+00,-78.5E-03,+58.6E-03
+18.2100E+00,-30.8E-03,+58.6E-03
+18.2200E+00,-111.2E-03,+60.6E-03
+18.2300E+00,-111.2E-03,+59.6E-03
+18.2400E+00,-30.8E-03,+58.4E-03
+18.2500E+00,-83.5E-03,+59.1E-03
+18.2600E+00,-30.8E-03,+59.6E-03
+18.2700E+00,-30.8E-03,+58.0E-03
+18.2800E+00,-78.5E-03,+59.6E-03
+18.2900E+00,-30.8E-03,+60.7E-03
+18.3000E+00,-111.2E-03,+59.8E-03
+18.3100E+00,-111.2E-03,+62.3E-03
+18.3200E+00,-78.5E-03,+59.0E-03
+18.3300E+00,-58.4E-03,+55.9E-03
+18.3400E+00,-111.2E-03,+62.8E-03
+18.3500E+00,-30.8E-03,+58.0E-03
+18.3600E+00,-63.4E-03,+59.9E-03
+18.3700E+00,-83.5E-03,+57.4E-03
+18.3800E+00,+3.1928E+00,+89.9E-03
+18.3900E+00,+3.2531E+00,+90.2E-03
+18.4000E+00,+3.1853E+00,+91.4E-03
+18.4100E+00,+3.2381E+00,+87.5E-03
+18.4200E+00,+3.2657E+00,+91.0E-03
+18.4300E+00,+3.2657E+00,+86.9E-03
+18.4400E+00,+3.2330E+00,+86.6E-03
+18.4500E+00,+3.2657E+00,+91.2E-03
+18.4600E+00,+3.1853E+00,+87.1E-03
+18.4700E+00,+3.2531E+00,+85.8E-03
+18.4800E+00,-78.5E-03,+59.0E-03
+18.4900E+00,-30.8E-03,+60.7E-03
+18.5000E+00,-30.8E-03,+59.6E-03
+18.5100E+00,-98.6E-03,+57.4E-03
+18.5200E+00,-78.5E-03,+61.2E-03
+18.5300E+00,-30.8E-03,+59.6E-03
+18.5400E+00,-103.6E-03,+58.2E-03
+18.5500E+00,-30.8E-03,+59.9E-03
+18.5600E+00,-78.5E-03,+59.9E-03
+18.5700E+00,-111.2E-03,+61.2E-03
+18.5800E+00,-30.8E-03,+60.5E-03
+18.5900E+00,-111.2E-03,+55.8E-03
+18.6000E+00,-78.5E-03,+58.3E-03
+18.6100E+00,-30.8E-03,+61.7E-03
+18.6200E+00,-38.3E-03,+59.6E-03
+18.6300E+00,-98.6E-03,+55.0E-03
+18.6400E+00,-63.4E-03,+58.4E-03
+18.6500E+00,-30.8E-03,+58.1E-03
+18.6600E+00,-38.3E-03,+53.8E-03
+18.6700E+00,-111.2E-03,+57.8E-03
+18.6800E+00,-63.4E-03,+60.6E-03
+18.6900E+00,-58.4E-03,+56.4E-03
+18.7000E+00,-30.8E-03,+61.2E-03
+18.7100E+00,-43.3E-03,+57.8E-03
+18.7200E+00,-30.8E-03,+62.2E-03
+18.7300E+00,-111.2E-03,+58.6E-03
+18.7400E+00,-30.8E-03,+57.0E-03
+18.7500E+00,-98.6E-03,+58.0E-03
+18.7600E+00,-30.8E-03,+58.7E-03
+18.7700E+00,-111.2E-03,+57.4E-03
+18.7800E+00,-103.6E-03,+61.2E-03
+18.7900E+00,-98.6E-03,+59.4E-03
+18.8000E+00,-111.2E-03,+60.3E-03
+18.8100E+00,-58.4E-03,+60.1E-03
+18.8200E+00,-30.8E-03,+59.8E-03
+18.8300E+00,-30.8E-03,+62.6E-03
+18.8400E+00,-78.5E-03,+58.4E-03
+18.8500E+00,-30.8E-03,+58.6E-03
+18.8600E+00,-30.8E-03,+58.3E-03
+18.8700E+00,-43.3E-03,+59.1E-03
+18.8800E+00,-78.5E-03,+61.2E-03
+18.8900E+00,-83.5E-03,+61.2E-03
+18.9000E+00,-111.2E-03,+57.9E-03
+18.9100E+00,-98.6E-03,+62.3E-03
+18.9200E+00,-111.2E-03,+56.7E-03
+18.9300E+00,-83.5E-03,+60.2E-03
+18.9400E+00,-111.2E-03,+62.4E-03
+18.9500E+00,-30.8E-03,+61.8E-03
+18.9600E+00,-30.8E-03,+61.2E-03
+18.9700E+00,-83.5E-03,+56.9E-03
+18.9800E+00,-103.6E-03,+59.6E-03
+18.9900E+00,+3.2531E+00,+89.4E-03
+19.0000E+00,+3.2657E+00,+89.9E-03
+19.0100E+00,+3.2657E+00,+89.6E-03
+19.0200E+00,+3.1928E+00,+91.8E-03
+19.0300E+00,+3.1853E+00,+91.3E-03
+19.0400E+00,+3.1853E+00,+89.9E-03
+19.0500E+00,+3.1853E+00,+89.6E-03
+19.0600E+00,+3.1853E+00,+89.7E-03
+19.0700E+00,+3.1853E+00,+90.8E-03
+19.0800E+00,+1.8788E+00,+75.2E-03
+19.0900E+00,-58.4E-03,+59.6E-03
+19.1000E+00,-30.8E-03,+56.7E-03
+19.1100E+00,-43.3E-03,+62.6E-03
+19.1200E+00,-30.8E-03,+62.8E-03
+19.1300E+00,-30.8E-03,+61.2E-03
+19.1400E+00,-111.2E-03,+56.7E-03
+19.1500E+00,-111.2E-03,+61.0E-03
+19.1600E+00,-30.8E-03,+61.2E-03
+19.1700E+00,-83.5E-03,+60.2E-03
+19.1800E+00,-103.6E-03,+61.1E-03
+19.1900E+00,-30.8E-03,+58.3E-03
+19.2000E+00,-63.4E-03,+62.2E-03
+19.2100E+00,-83.5E-03,+58.0E-03
+19.2200E+00,-30.8E-03,+61.2E-03
+19.2300E+00,-98.6E-03,+61.2E-03
+19.2400E+00,-78.5E-03,+55.7E-03
+19.2500E+00,-30.8E-03,+60.7E-03
+19.2600E+00,-30.8E-03,+61.4E-03
+19.2700E+00,-98.6E-03,+58.5E-03
+19.2800E+00,-111.2E-03,+59.3E-03
+19.2900E+00,-111.2E-03,+60.7E-03
+19.3000E+00,-103.6E-03,+61.1E-03
+19.3100E+00,-30.8E-03,+63.2E-03
+19.3200E+00,-63.4E-03,+58.6E-03
+19.3300E+00,-58.4E-03,+61.8E-03
+19.3400E+00,-38.3E-03,+60.8E-03
+19.3500E+00,-30.8E-03,+58.0E-03
+19.3600E+00,-30.8E-03,+57.3E-03
+19.3700E+00,-83.5E-03,+59.6E-03
+19.3800E+00,-111.2E-03,+59.9E-03
+19.3900E+00,-98.6E-03,+59.9E-03
+19.4000E+00,-78.5E-03,+59.0E-03
+19.4100E+00,-83.5E-03,+58.5E-03
+19.4200E+00,-38.3E-03,+58.2E-03
+19.4300E+00,-98.6E-03,+58.9E-03
+19.4400E+00,-78.5E-03,+62.2E-03
+19.4500E+00,-83.5E-03,+58.1E-03
+19.4600E+00,-30.8E-03,+61.2E-03
+19.4700E+00,-98.6E-03,+59.6E-03
+19.4800E+00,-78.5E-03,+57.7E-03
+19.4900E+00,-58.4E-03,+61.2E-03
+19.5000E+00,-103.6E-03,+59.3E-03
+19.5100E+00,-43.3E-03,+60.1E-03
+19.5200E+00,-78.5E-03,+60.9E-03
+19.5300E+00,-111.2E-03,+60.2E-03
+19.5400E+00,-111.2E-03,+59.6E-03
+19.5500E+00,-98.6E-03,+61.8E-03
+19.5600E+00,-111.2E-03,+60.6E-03
+19.5700E+00,-111.2E-03,+58.0E-03
+19.5800E+00,-38.3E-03,+62.5E-03
+19.5900E+00,+3.2657E+00,+88.6E-03
+19.6000E+00,+3.1853E+00,+93.4E-03
+19.6100E+00,+3.1577E+00,+90.7E-03
+19.6200E+00,+3.1853E+00,+89.9E-03
+19.6300E+00,+3.1853E+00,+93.1E-03
+19.6400E+00,+3.2330E+00,+92.7E-03
+19.6500E+00,+3.2657E+00,+90.7E-03
+19.6600E+00,+3.2582E+00,+91.3E-03
+19.6700E+00,+3.1979E+00,+87.2E-03
+19.6800E+00,+3.2180E+00,+88.0E-03
+19.6900E+00,-111.2E-03,+58.6E-03
+19.7000E+00,-111.2E-03,+56.7E-03
+19.7100E+00,-30.8E-03,+59.4E-03
+19.7200E+00,-30.8E-03,+56.4E-03
+19.7300E+00,-58.4E-03,+57.4E-03
+19.7400E+00,-38.3E-03,+59.3E-03
+19.7500E+00,-98.6E-03,+61.7E-03
+19.7600E+00,-63.4E-03,+60.9E-03
+19.7700E+00,-111.2E-03,+59.1E-03
+19.7800E+00,-103.6E-03,+56.2E-03
+19.7900E+00,-30.8E-03,+61.2E-03
+19.8000E+00,-111.2E-03,+60.6E-03
+19.8100E+00,-58.4E-03,+56.9E-03
+19.8200E+00,-111.2E-03,+62.7E-03
+19.8300E+00,-30.8E-03,+60.1E-03
+19.8400E+00,-30.8E-03,+58.7E-03
+19.8500E+00,-58.4E-03,+57.4E-03
+19.8600E+00,-30.8E-03,+58.3E-03
+19.8700E+00,-98.6E-03,+53.2E-03
+19.8800E+00,-111.2E-03,+61.9E-03
+19.8900E+00,-30.8E-03,+59.1E-03
+19.9000E+00,-103.6E-03,+60.6E-03
+19.9100E+00,-43.3E-03,+60.7E-03
+19.9200E+00,-30.8E-03,+55.4E-03
+19.9300E+00,-30.8E-03,+58.6E-03
+19.9400E+00,-103.6E-03,+59.6E-03
+19.9500E+00,-30.8E-03,+56.6E-03
+19.9600E+00,-63.4E-03,+61.9E-03
+19.9700E+00,-111.2E-03,+57.4E-03
+19.9800E+00,-111.2E-03,+61.2E-03
+19.9900E+00,-98.6E-03,+62.1E-03
+20.0000E+00,-63.4E-03,+60.5E-03
+20.0100E+00,-83.5E-03,+60.2E-03
+20.0200E+00,-30.8E-03,+57.0E-03
+20.0300E+00,-43.3E-03,+59.6E-03
+20.0400E+00,-63.4E-03,+56.7E-03
+20.0500E+00,-83.5E-03,+58.1E-03
+20.0600E+00,-30.8E-03,+58.2E-03
+20.0700E+00,-43.3E-03,+63.7E-03
+20.0800E+00,-63.4E-03,+58.7E-03
+20.0900E+00,-58.4E-03,+58.0E-03
+20.1000E+00,-103.6E-03,+62.1E-03
+20.1100E+00,-43.3E-03,+59.6E-03
+20.1200E+00,-78.5E-03,+59.3E-03
+20.1300E+00,-111.2E-03,+60.2E-03
+20.1400E+00,-38.3E-03,+59.5E-03
+20.1500E+00,-43.3E-03,+56.4E-03
+20.1600E+00,-111.2E-03,+60.9E-03
+20.1700E+00,-83.5E-03,+55.9E-03
+20.1800E+00,-30.8E-03,+59.3E-03
+20.1900E+00,+3.1853E+00,+92.0E-03
+20.2000E+00,+3.2330E+00,+95.0E-03
+20.2100E+00,+3.2657E+00,+92.8E-03
+20.2200E+00,+3.1853E+00,+94.8E-03
+20.2300E+00,+3.1853E+00,+93.9E-03
+20.2400E+00,+3.1853E+00,+92.7E-03
+20.2500E+00,+3.2129E+00,+90.8E-03
+20.2600E+00,+3.2657E+00,+89.0E-03
+20.2700E+00,+3.2531E+00,+93.4E-03
+20.2800E+00,+3.1853E+00,+90.8E-03
+20.2900E+00,-83.5E-03,+60.7E-03
+20.3000E+00,-30.8E-03,+59.8E-03
+20.3100E+00,-30.8E-03,+55.3E-03
+20.3200E+00,-63.4E-03,+58.3E-03
+20.3300E+00,-58.4E-03,+59.6E-03
+20.3400E+00,-38.3E-03,+58.3E-03
+20.3500E+00,-111.2E-03,+59.9E-03
+20.3600E+00,-63.4E-03,+58.0E-03
+20.3700E+00,-58.4E-03,+60.1E-03
+20.3800E+00,-38.3E-03,+59.6E-03
+20.3900E+00,-30.8E-03,+59.1E-03
+20.4000E+00,-30.8E-03,+63.1E-03
+20.4100E+00,-111.2E-03,+60.7E-03
+20.4200E+00,-30.8E-03,+63.8E-03
+20.4300E+00,-98.6E-03,+61.2E-03
+20.4400E+00,-78.5E-03,+59.0E-03
+20.4500E+00,-30.8E-03,+59.6E-03
+20.4600E+00,-38.3E-03,+62.5E-03
+20.4700E+00,-98.6E-03,+58.5E-03
+20.4800E+00,-30.8E-03,+60.3E-03
+20.4900E+00,-30.8E-03,+59.6E-03
+20.5000E+00,-111.2E-03,+57.0E-03
+20.5100E+00,-30.8E-03,+62.3E-03
+20.5200E+00,-63.4E-03,+56.7E-03
+20.5300E+00,-58.4E-03,+57.5E-03
+20.5400E+00,-38.3E-03,+59.3E-03
+20.5500E+00,-43.3E-03,+56.4E-03
+20.5600E+00,-78.5E-03,+60.6E-03
+20.5700E+00,-30.8E-03,+57.4E-03
+20.5800E+00,-111.2E-03,+59.6E-03
+20.5900E+00,-30.8E-03,+60.5E-03
+20.6000E+00,-78.5E-03,+59.6E-03
+20.6100E+00,-83.5E-03,+58.5E-03
+20.6200E+00,-30.8E-03,+61.4E-03
+20.6300E+00,-30.8E-03,+57.1E-03
+20.6400E+00,-78.5E-03,+55.8E-03
+20.6500E+00,-30.8E-03,+60.7E-03
+20.6600E+00,-30.8E-03,+59.5E-03
+20.6700E+00,-98.6E-03,+61.8E-03
+20.6800E+00,-78.5E-03,+58.7E-03
+20.6900E+00,-111.2E-03,+58.1E-03
+20.7000E+00,-38.3E-03,+58.2E-03
+20.7100E+00,-111.2E-03,+61.5E-03
+20.7200E+00,-30.8E-03,+57.0E-03
+20.7300E+00,-30.8E-03,+58.6E-03
+20.7400E+00,-111.2E-03,+61.4E-03
+20.7500E+00,-98.6E-03,+59.9E-03
+20.7600E+00,-111.2E-03,+59.9E-03
+20.7700E+00,-30.8E-03,+60.7E-03
+20.7800E+00,-30.8E-03,+56.5E-03
+20.7900E+00,-98.6E-03,+60.5E-03
+20.8000E+00,+3.2180E+00,+96.6E-03
+20.8100E+00,+3.1853E+00,+96.0E-03
+20.8200E+00,+3.2582E+00,+98.1E-03
+20.8300E+00,+3.1853E+00,+95.5E-03
+20.8400E+00,+3.1853E+00,+95.0E-03
+20.8500E+00,+3.2129E+00,+93.9E-03
+20.8600E+00,+3.1853E+00,+97.9E-03
+20.8700E+00,+3.1979E+00,+94.5E-03
+20.8800E+00,+3.1853E+00,+96.9E-03
+20.8900E+00,+3.2129E+00,+92.3E-03
+20.9000E+00,-30.8E-03,+62.7E-03
+20.9100E+00,-43.3E-03,+59.9E-03
+20.9200E+00,,
+20.9300E+00,,
+20.9400E+00,,
+20.9500E+00,,
+20.9600E+00,,
+20.9700E+00,,
+20.9800E+00,,
+20.9900E+00,,
+21.0000E+00,,
+21.0100E+00,,
+21.0200E+00,,
+21.0300E+00,,
+21.0400E+00,,
+21.0500E+00,,
+21.0600E+00,,
+21.0700E+00,,
+21.0800E+00,,
+21.0900E+00,,
+21.1000E+00,,
+21.1100E+00,,
+21.1200E+00,,
+21.1300E+00,,
+21.1400E+00,,
+21.1500E+00,,
+21.1600E+00,,
+21.1700E+00,,
+21.1800E+00,,
+21.1900E+00,,
+21.2000E+00,,
+21.2100E+00,,
